Timestamp,Apartment,Uno K 1505 - B Phase,Uno K 1505 - Bed AC,Uno K 1505 - Bed Toilet Lights and Fans,Uno K 1505 - Common Geyser,Uno K 1505 - Dining Lights and Fans,Uno K 1505 - Fridge,Uno K 1505 - Living AC,Uno K 1505 - Living Lights and Fans,Uno K 1505 - Master Bed AC,Uno K 1505 - Master Bed Lights,Uno K 1505 - Master Bed and Toilet Lights,Uno K 1505 - Master Toilet Geyser,Uno K 1505 - Oven,Uno K 1505 - R Phase,Uno K 1505 - Spare,Uno K 1505 - Store Lights,Uno K 1505 - Washing Machine,Uno K 1505 - Y Phase
2025-07-26 16:45:00,Uno K 1505,,,,,,,,,0.0,0.01666,0.0,0.0,,0.019440000000000002,0.0,,,
2025-07-26 16:50:00,Uno K 1505,0.11239,0.0,0.01433,0.0,0.0,0.0,0.0,0.05001,0.0,0.01767,0.0,0.0,-1e-05,0.02047,0.0,0.05869,0.0,0.38932
2025-07-26 16:55:00,Uno K 1505,0.11145999999999999,0.0,0.01257,0.0,0.0,0.0,0.0,0.04904,0.0,0.017070000000000002,0.0,0.0,0.0,0.019829999999999997,0.0,0.05875,0.0,0.38523
2025-07-26 17:00:00,Uno K 1505,0.11033,0.0,0.01304,0.0,0.0,-1e-05,0.0,0.04933,0.0,0.01694,0.0,0.0,-1e-05,0.019629999999999998,0.0,0.05734,0.0,0.02141
2025-07-26 17:05:00,Uno K 1505,0.07325,0.0,0.01316,0.0,0.0,0.0,0.0,0.04833,0.0,0.01714,0.0,0.0,-1e-05,0.019969999999999998,0.0,0.02123,0.0,0.1749
2025-07-26 17:10:00,Uno K 1505,0.06459000000000001,0.0,0.01351,0.0,0.0,0.0,0.0,0.04982,0.0,0.00643,0.0,0.0,-1e-05,0.008320000000000001,0.0,0.01097,0.0,0.13363
2025-07-26 17:15:00,Uno K 1505,0.00278,0.0,0.01272,0.0,0.0,-1e-05,0.0,0.0,0.0,0.00635,0.0,0.0,-1e-05,0.008150000000000001,0.0,0.0,0.0,0.14238
2025-07-26 17:20:00,Uno K 1505,0.05237,0.0,0.016149999999999998,0.0,0.0,0.0,0.0,0.0,0.0,0.0060999999999999995,0.0,0.0,-1e-05,0.008119999999999999,0.0,0.049530000000000005,0.0,0.16669
2025-07-26 17:25:00,Uno K 1505,0.036109999999999996,0.0,0.01485,0.0,0.0,0.0,0.0,0.0,0.0,0.00632,0.0,0.0,0.0,0.00813,0.0,0.03314,0.0,0.14402
2025-07-26 17:30:00,Uno K 1505,0.023989999999999997,0.0,-0.00025,0.0,0.0,0.0,0.0,0.0,0.0,0.00609,0.0,0.0,0.0,0.008119999999999999,0.0,0.0,0.0,0.12588
2025-07-26 17:35:00,Uno K 1505,0.00227,0.0,0.01297,0.0,0.0,0.0,0.0,0.0,0.0,0.018170000000000002,0.0,0.0,0.0,0.019649999999999997,0.0,0.0,0.0,0.14205
2025-07-26 17:40:00,Uno K 1505,0.00213,0.0,0.02471,0.0,0.0,0.0,0.0,0.0,0.0,0.01688,0.0,0.0,0.0,0.01849,0.0,0.0,0.0,0.15078999999999998
2025-07-26 17:45:00,Uno K 1505,0.00218,0.0,0.02818,0.0,0.0,0.0,0.0,0.0,0.0,0.01672,0.0,0.0,-2e-05,0.01844,0.0,0.0,0.0,0.15372
2025-07-26 17:50:00,Uno K 1505,0.00213,0.0,0.01281,0.0,0.0,0.0,0.0,0.0,0.0,0.01756,0.0,0.0,-1e-05,0.01934,0.0,0.0,0.0,0.13699
2025-07-26 17:55:00,Uno K 1505,0.00228,0.0,0.01267,0.0,0.0,0.0,0.0,0.0,0.0,0.01727,0.0,0.0,-1e-05,0.019010000000000003,0.0,0.0,0.0,0.13382
2025-07-26 18:00:00,Uno K 1505,0.0528,0.0,0.01283,0.0,0.0,0.0,0.0,0.0,0.0,0.01714,0.0,0.0,-1e-05,0.01889,0.0,0.04995,0.0,0.13534000000000002
2025-07-26 18:05:00,Uno K 1505,0.05225,0.0,0.01278,0.0,0.0,0.0,0.0,0.0,0.0,0.0174,0.0,0.0,0.0,0.019129999999999998,0.0,0.04952,0.0,0.14128
2025-07-26 18:10:00,Uno K 1505,0.03631,0.0,-2e-05,0.0,0.0,0.0,0.0,0.0,0.0,0.017,0.0,0.0,-1e-05,0.01875,0.0,0.03361,0.0,0.11375
2025-07-26 18:15:00,Uno K 1505,0.03639,0.0,0.01515,0.0,0.0,0.0,0.0,0.0,0.0,0.01685,0.0,0.0,0.0,0.0185,0.0,0.03368,0.0,0.12634
2025-07-26 18:20:00,Uno K 1505,0.03685,0.0,0.01456,0.0,0.0,0.0,0.0,0.0,0.0,0.01726,0.0,0.0,0.0,0.018940000000000002,0.0,0.03407,0.0,0.13943
2025-07-26 18:25:00,Uno K 1505,0.03602,0.0,0.01479,0.0,0.0,0.0,0.0,0.0,0.0,0.016579999999999998,0.0,0.0,-1e-05,0.018269999999999998,0.0,0.03322,0.0,0.1457
2025-07-26 18:30:00,Uno K 1505,0.03691,0.0,0.015179999999999999,0.0,0.0,0.0,0.0,0.0,0.0,0.01691,0.0,0.0,0.0,0.01866,0.0,0.03394,0.0,0.14565999999999998
2025-07-26 18:35:00,Uno K 1505,0.03577,0.0,0.01472,0.0,0.0,0.0,0.0,0.0,0.0,0.0174,0.0,0.0,0.0,0.01907,0.0,0.03295,0.0,0.14401
2025-07-26 18:40:00,Uno K 1505,0.03605,0.0,0.01512,0.0,0.0,0.0,0.0,0.0,0.0,0.01711,0.0,0.0,0.0,0.01886,0.0,0.033350000000000005,0.0,0.13511
2025-07-26 18:45:00,Uno K 1505,0.03655,0.0,0.01461,0.0,0.0,0.0,0.0,0.0,0.0,0.017329999999999998,0.0,0.0,0.0,0.019030000000000002,0.0,0.03372,0.0,0.12534
2025-07-26 18:50:00,Uno K 1505,0.03641,0.0,0.01466,0.0,0.0,-1e-05,0.0,0.0,0.0,0.01781,0.0,0.0,-1e-05,0.019649999999999997,0.0,0.03357,0.0,0.11689
2025-07-26 18:55:00,Uno K 1505,0.03638,0.0,0.01447,0.0,0.0,0.0,0.0,0.0,0.0,0.01737,0.01091,0.0,0.0,0.030690000000000002,0.0,0.03357,0.0,0.13979
2025-07-26 19:00:00,Uno K 1505,0.03649,0.0,0.0143,0.0,0.0,0.0,0.0,0.0,0.0,0.00623,0.0,0.0,0.0,0.007940000000000001,0.0,0.03352,0.0,0.14056
2025-07-26 19:05:00,Uno K 1505,0.037079999999999995,0.0,0.01629,0.0,0.0,-1e-05,0.0,0.0,0.0,0.00622,0.0,0.0,-1e-05,0.00784,0.0,0.03417,0.0,0.14225
2025-07-26 19:10:00,Uno K 1505,0.03621,0.0,0.014240000000000001,0.0,0.0,0.0,0.0,0.0,0.0,0.00601,0.0,0.0,-1e-05,0.00783,0.0,0.03342,0.0,0.14058
2025-07-26 19:15:00,Uno K 1505,0.03567,0.0,0.01452,0.0,0.0,0.0,0.0,0.0,0.0,0.006,0.0,0.0,0.0,0.00792,0.0,0.03284,0.0,0.12470999999999999
2025-07-26 19:20:00,Uno K 1505,0.05464,0.0,0.015349999999999999,0.0,0.0,0.0,0.0,0.0,0.0,0.0061200000000000004,0.0,0.0,0.0,0.00793,0.0,0.05189,0.0,0.1225
2025-07-26 19:25:00,Uno K 1505,0.05453,0.0,0.01463,0.0,0.0,0.0,0.0,0.0,0.0,0.00615,0.0,0.0,0.0,0.00791,0.0,0.05173,0.0,0.11949
2025-07-26 19:30:00,Uno K 1505,0.05414,0.0,0.01274,0.0,0.0,0.0,0.0,0.0,0.0,0.00639,0.0,0.0,0.0,0.00797,0.0,0.05129,0.0,0.11270999999999999
2025-07-26 19:35:00,Uno K 1505,0.054270000000000006,0.0,0.013560000000000001,0.0,0.0,0.0,0.0,0.0,0.0,0.0063,0.0,0.0,0.0,0.00796,0.0,0.05141,0.0,0.11862
2025-07-26 19:40:00,Uno K 1505,0.05393,0.0,0.015,0.0,0.0,0.0,0.0,0.0,0.0,0.00617,0.0,0.0,-2e-05,0.00796,0.0,0.05125,0.0,0.13263999999999998
2025-07-26 19:45:00,Uno K 1505,0.054509999999999996,0.0,0.015269999999999999,0.0,0.0,0.0,0.0,0.0,0.0,0.00622,0.0,0.0,-1e-05,0.00808,0.0,0.05167,0.0,0.13415000000000002
2025-07-26 19:50:00,Uno K 1505,0.05347,0.0,0.01507,0.0,0.0,0.0,0.0,0.0,0.0,0.0060999999999999995,0.0,0.0,-1e-05,0.007980000000000001,0.0,0.05079,0.0,0.13463999999999998
2025-07-26 19:55:00,Uno K 1505,0.05435,0.0,0.015,0.0,0.0,0.0,0.0,0.0,0.0,0.00639,0.0,0.0,-1e-05,0.00825,0.0,0.05163,0.0,0.12355
2025-07-26 20:00:00,Uno K 1505,0.05411,0.0,0.01368,0.0,0.0,0.0,0.0,0.0,0.0,0.00625,0.0,0.0,-1e-05,0.008140000000000001,0.0,0.05143,0.0,0.1167
2025-07-26 20:05:00,Uno K 1505,0.054200000000000005,0.0,0.01506,0.0,0.0,-1e-05,0.0,0.0,0.0,0.00594,0.0,0.0,0.0,0.008039999999999999,0.0,0.05148,0.0,0.11586
2025-07-26 20:10:00,Uno K 1505,0.05404,0.0,0.04975,0.0,0.0,0.0,0.0,0.0,0.0,0.00625,0.0,0.0,0.0,0.00817,0.0,0.05127,0.0,0.15012
2025-07-26 20:15:00,Uno K 1505,0.053950000000000005,0.0,0.05798,0.0,0.0,0.0,0.0,0.0,0.0,0.00625,0.0,0.0,0.0,0.00805,0.0,0.05121,0.0,0.1569
2025-07-26 20:20:00,Uno K 1505,0.054869999999999995,0.0,0.06021,0.0,0.0,0.0,0.0,0.0,0.0,0.0064800000000000005,0.0,0.0,-2e-05,0.00835,0.0,0.05213,0.0,0.16912
2025-07-26 20:25:00,Uno K 1505,0.05373,0.0,0.07445,0.0,0.0,0.0,0.0,0.0,0.0,0.00679,0.0,0.0,0.0,0.00862,0.0,0.05098,0.0,0.18872999999999998
2025-07-26 20:30:00,Uno K 1505,0.05484000000000001,0.0,0.0728,0.0,0.0,0.0,0.0,0.0,0.0,0.00615,0.0,0.0,0.0,0.00796,0.0,0.052219999999999996,0.0,0.18925
2025-07-26 20:35:00,Uno K 1505,0.037950000000000005,0.0,-0.00014000000000000001,0.0,0.0,-1e-05,0.0,0.03532,0.0,0.0067,0.0,0.0,0.0,0.00846,0.0,0.0,0.0,0.11059000000000001
2025-07-26 20:40:00,Uno K 1505,0.03736,0.0,-0.0002,0.0,0.0,0.0,0.0,0.03472,0.0,0.00636,0.0,0.0,-1e-05,0.008,0.0,0.0,0.0,0.09086
2025-07-26 20:45:00,Uno K 1505,0.03703,0.0,-5.9999999999999995e-05,0.0,0.0,0.0,0.0,0.03442,0.0,0.0062900000000000005,0.0,0.0,-1e-05,0.008119999999999999,0.0,0.0,0.0,0.08874
2025-07-26 20:50:00,Uno K 1505,0.03699,0.0,-2e-05,0.0,0.0,0.0,0.0,0.0344,0.0,0.0060999999999999995,0.0,0.0,-1e-05,0.007980000000000001,0.0,0.0,0.0,0.08709
2025-07-26 20:55:00,Uno K 1505,0.036840000000000005,0.0,-5e-05,0.0,0.0,0.0,0.0,0.03429,0.0,0.0061200000000000004,0.0,0.0,-1e-05,0.007940000000000001,0.0,0.0,0.0,0.08659
2025-07-26 21:00:00,Uno K 1505,0.03698,0.0,-0.00013000000000000002,0.0,0.0,0.0,0.0,0.03423,0.0,0.00598,0.0,0.0,-1e-05,0.00801,0.0,0.0,0.0,0.08496
2025-07-26 21:05:00,Uno K 1505,0.036789999999999996,0.0,-7.000000000000001e-05,0.0,0.0,0.0,0.0,0.03423,0.0,0.00614,0.0,0.0,-1e-05,0.008199999999999999,0.0,0.0,0.0,0.09717
2025-07-26 21:10:00,Uno K 1505,0.03689,0.0,-2e-05,0.0,0.0,0.0,0.0,0.03423,0.0,0.00617,0.0,0.0,0.0,0.00787,0.0,0.0,0.0,0.10055
2025-07-26 21:15:00,Uno K 1505,0.03685,0.0,-7.000000000000001e-05,0.0,0.0,0.0,0.0,0.03424,0.0,0.00615,0.0,0.0,-1e-05,0.00787,0.0,0.0,0.0,0.10239
2025-07-26 21:20:00,Uno K 1505,0.03678,0.0,-5.9999999999999995e-05,0.0,0.0,0.0,0.0,0.03429,0.0,0.00594,0.0,0.0,-1e-05,0.00793,0.0,0.0,0.0,0.09196
2025-07-26 21:25:00,Uno K 1505,0.03694,0.0,-5.9999999999999995e-05,0.0,0.0,0.0,0.0,0.034159999999999996,0.0,0.00635,0.0,0.0,-1e-05,0.00821,0.0,0.0,0.0,0.08735
2025-07-26 21:30:00,Uno K 1505,0.036770000000000004,0.0,-0.00016,0.0,0.0,0.0,0.0,0.03418,0.0,0.00617,0.0,0.0,0.0,0.00801,0.0,0.0,0.0,0.08327
2025-07-26 21:35:00,Uno K 1505,0.03685,0.0,-0.00015,0.0,0.0,0.0,0.0,0.034140000000000004,0.0,0.00624,0.0,0.0,-1e-05,0.00793,0.0,0.0,0.0,0.08475
2025-07-26 21:40:00,Uno K 1505,0.03689,0.0,-0.00011,0.0,0.0,0.0,0.0,0.03417,0.0,0.00605,0.0,0.0,-1e-05,0.00791,0.0,0.0,0.0,0.08405
2025-07-26 21:45:00,Uno K 1505,0.03691,0.0,-5e-05,0.0,0.0,0.0,0.0,0.034159999999999996,0.0,0.00611,0.0,0.0,-1e-05,0.00791,0.0,0.0,0.0,0.00575
2025-07-26 21:50:00,Uno K 1505,0.03676,0.0,-1e-05,0.0,0.0,0.0,0.0,0.034159999999999996,0.0,0.00609,0.0,0.0,-2e-05,0.00785,0.0,0.0,0.0,0.005860000000000001
2025-07-26 21:55:00,Uno K 1505,0.03689,0.0,-0.00011,0.0,0.0,-1e-05,0.0,0.034210000000000004,0.0,0.00621,0.0,0.0,-1e-05,0.0081,0.0,0.0,0.0,0.005860000000000001
2025-07-26 22:00:00,Uno K 1505,0.03686,0.0,-0.00014000000000000001,0.0,0.0,0.0,0.0,0.0342,0.0,0.00623,0.0,0.0,-1e-05,0.007940000000000001,0.0,0.0,0.0,0.01736
2025-07-26 22:05:00,Uno K 1505,0.03686,0.0,0.06451000000000001,0.0,0.0,0.0,0.0,0.03422,0.0,0.00625,0.0,0.0,-1e-05,0.0083,0.0,0.0,0.0,0.16726
2025-07-26 22:10:00,Uno K 1505,0.03691,0.0,0.06365,0.0,0.0,0.0,0.0,0.03411,0.0,0.00622,0.0,0.0,-2e-05,0.008119999999999999,0.0,0.0,0.0,0.16938999999999999
2025-07-26 22:15:00,Uno K 1505,0.036950000000000004,0.0,0.0628,0.0,0.0,0.0,0.0,0.034210000000000004,0.0,0.00607,0.0,0.0,-1e-05,0.00791,0.0,0.0,0.0,0.1702
2025-07-26 22:20:00,Uno K 1505,0.03683,0.0,0.06199,0.0,0.0,0.0,0.0,0.03423,0.0,0.00615,0.0,0.0,0.0,0.008060000000000001,0.0,0.0,0.0,0.16913
2025-07-26 22:25:00,Uno K 1505,0.03682,0.0,0.0625,0.0,0.0,0.0,0.0,0.03422,0.0,0.00604,0.0,0.0,0.0,0.00787,0.0,0.0,0.0,0.17002
2025-07-26 22:30:00,Uno K 1505,0.055299999999999995,0.0,0.0497,0.0,0.0,0.0,0.0,0.03427,0.0,0.03448,0.0,0.0,-1e-05,0.03628,0.0,0.01801,0.0,0.15334
2025-07-26 22:35:00,Uno K 1505,0.00232,0.0,0.05903,0.0,0.0,0.0,0.0,0.0,0.0,0.01668,0.0,0.48633,0.0,0.50459,0.0,0.0,0.0,0.14969
2025-07-26 22:40:00,Uno K 1505,0.00225,0.0,0.06359000000000001,0.0,0.0,0.0,0.0,0.0,0.0,0.0169,0.0,0.44198000000000004,0.0,0.46041000000000004,0.0,0.0,0.0,0.15287
2025-07-26 22:45:00,Uno K 1505,0.0021000000000000003,0.0,0.06401000000000001,0.0,0.0,0.0,0.0,0.0,0.0,0.01686,0.0,0.31316000000000005,-1e-05,0.33148,0.0,0.0,0.0,0.1541
2025-07-26 22:50:00,Uno K 1505,0.0022,0.0,0.0627,0.0,0.0,0.0,0.0,0.0,0.0,0.01724,0.0,0.31305,-1e-05,0.33177,0.0,0.0,0.0,0.15055000000000002
2025-07-26 22:55:00,Uno K 1505,0.0022299999999999998,0.0,0.04875,0.0,0.0,0.0,0.0,0.0,0.0,0.01724,0.0,0.31065,0.0,0.32947000000000004,0.0,0.0,0.0,0.14699
2025-07-26 23:00:00,Uno K 1505,0.00228,0.0,0.047729999999999995,0.0,0.0,0.0,0.0,0.0,0.0,0.016489999999999998,0.0,0.31107999999999997,-1e-05,0.32906,0.0,0.0,0.0,0.15062
2025-07-26 23:05:00,Uno K 1505,0.00233,0.0,0.046939999999999996,0.0,0.0,0.0,0.0,0.0,0.0,0.01719,0.0,0.31371,-5.9999999999999995e-05,0.33243,0.0,0.0,0.0,0.14947
2025-07-26 23:10:00,Uno K 1505,0.00228,0.0,0.04753,0.0,0.0,-1e-05,0.0,0.0,0.0,0.01747,0.0,0.71938,-1e-05,0.73838,0.0,0.0,0.0,0.13988
2025-07-26 23:15:00,Uno K 1505,0.0022,0.0,0.046880000000000005,0.0,0.0,0.0,0.0,0.0,0.0,0.01715,0.0,0.01333,-1e-05,0.03228,0.0,0.0,0.0,0.13655
2025-07-26 23:20:00,Uno K 1505,0.00219,0.0,0.04854,0.0,0.0,0.0,0.0,0.0,0.0,0.01726,0.0,0.01343,-1e-05,0.03259,0.0,0.0,0.0,0.13477
2025-07-26 23:25:00,Uno K 1505,0.03816,0.0,0.04924,0.0,0.0,-1e-05,0.0,0.0,0.0,0.01762,0.0,0.30662,-2e-05,0.32583999999999996,0.0,0.0353,0.0,0.14482
2025-07-26 23:30:00,Uno K 1505,0.02168,0.0,0.04979,0.0,0.0,0.0,0.0,0.0,0.0,0.01691,0.0,0.30865,-1e-05,0.32709,0.0,0.018850000000000002,0.0,0.14555
2025-07-26 23:35:00,Uno K 1505,0.02173,0.0,0.04877,0.0,0.0,0.0,0.0,0.0,0.0,0.01693,0.0,0.30735,-1e-05,0.32591000000000003,0.0,0.01877,0.0,0.15555000000000002
2025-07-26 23:40:00,Uno K 1505,0.061829999999999996,0.0,-0.00011999999999999999,0.0,0.0,0.0,0.0,0.0399,0.0,0.01752,0.0,0.30563999999999997,-2e-05,0.32475,0.0,0.01884,0.0,0.11284000000000001
2025-07-26 23:45:00,Uno K 1505,0.05925,0.0,-0.00019,0.0,0.0,-1e-05,0.0,0.03717,0.0,0.01735,0.0,0.30701,-1e-05,0.32604,0.0,0.018760000000000002,0.0,0.11672
2025-07-26 23:50:00,Uno K 1505,0.07492,0.0,-0.0002,0.0,0.0,0.0,0.0,0.05288,0.0,0.01722,0.0,0.30627,-1e-05,0.32554,0.0,0.0188,0.0,0.11589
2025-07-26 23:55:00,Uno K 1505,0.08508,0.0,-0.00023,0.0,0.0,-1e-05,0.0,0.06296,0.0,0.01745,0.0,0.42016000000000003,-1e-05,0.439,0.0,0.0189,0.0,0.10315
2025-07-27 00:00:00,Uno K 1505,0.08481999999999999,0.0,-0.00023,0.0,0.0,0.0,0.0,0.06282,0.0,0.01765,0.0,0.01349,-2e-05,0.03304,0.0,0.018760000000000002,0.0,0.10043
2025-07-27 00:05:00,Uno K 1505,0.08421,0.0,-5e-05,0.0,0.0,0.0,0.0,0.06236,0.0,0.01659,0.0,0.01316,0.0,0.03164,0.0,0.018699999999999998,0.0,0.09847
2025-07-27 00:10:00,Uno K 1505,0.07078,0.0,-0.0002,0.0,0.0,0.0,0.0,0.04909,0.0,0.01726,0.0,0.41946,0.0,0.43833999999999995,0.0,0.01863,0.0,0.09608
2025-07-27 00:15:00,Uno K 1505,0.06964000000000001,0.0,-4e-05,0.0,0.0,0.0,0.0,0.047979999999999995,0.0,0.01691,0.0,0.31564,-1e-05,0.33456,0.0,0.018690000000000002,0.0,0.09670999999999999
2025-07-27 00:20:00,Uno K 1505,0.0595,0.0,-0.00013000000000000002,0.0,0.0,0.0,0.0,0.03781,0.0,0.01667,0.0,0.31594,-1e-05,0.33413,0.0,0.01865,0.0,0.11005
2025-07-27 00:25:00,Uno K 1505,0.08317000000000001,0.0,-5.9999999999999995e-05,0.0,0.0,0.0,0.0,0.061380000000000004,0.0,0.01686,0.0,0.31415,0.0,0.33272,0.0,0.018670000000000003,0.0,0.11195000000000001
2025-07-27 00:30:00,Uno K 1505,0.07461,0.0,-0.00011999999999999999,0.0,0.0,0.0,0.0,0.05287,0.0,0.01695,0.0,0.31377,-1e-05,0.3323,0.0,0.01871,0.0,0.11143
2025-07-27 00:35:00,Uno K 1505,0.07206,0.0,-7.000000000000001e-05,0.0,0.0,0.0,0.0,0.05034,0.0,0.01744,0.0,0.31466000000000005,-1e-05,0.33365,0.0,0.01853,0.0,0.09937
2025-07-27 00:40:00,Uno K 1505,0.07868,0.0,-2e-05,0.0,0.0,0.0,0.0,0.05681,0.0,0.01706,0.0,0.01322,0.0,0.03227,0.0,0.01859,0.0,0.09458
2025-07-27 00:45:00,Uno K 1505,0.07634,0.0,-0.00014000000000000001,0.0,0.0,-1e-05,0.0,0.054509999999999996,0.0,0.01718,0.0,0.12444,-1e-05,0.14332,0.0,0.018699999999999998,0.0,0.09518
2025-07-27 00:50:00,Uno K 1505,0.099,0.0,-8.999999999999999e-05,0.0,0.0,0.0,0.0,0.05876,0.0,0.01684,0.0,0.31795999999999996,0.0,0.33644,0.0,0.03724,0.0,0.09414
2025-07-27 00:55:00,Uno K 1505,0.11592,0.0,0.053619999999999994,0.0,0.0,0.0,0.0,0.07579000000000001,0.0,0.01749,0.0,0.31577999999999995,-1e-05,0.3343,0.0,0.03711,0.0,0.14847
2025-07-27 01:00:00,Uno K 1505,0.11238,0.0,0.03283,0.0,0.0,0.0,0.0,0.07225,0.0,0.01717,0.0,0.31804000000000004,0.0,0.3369,0.0,0.037020000000000004,0.0,0.04967
2025-07-27 01:05:00,Uno K 1505,0.14694,0.0,0.032670000000000005,0.0,0.0,0.0,0.0,0.10664,0.0,0.01728,0.0,0.31579,-1e-05,0.3348,0.0,0.03698,0.0,0.14294
2025-07-27 01:10:00,Uno K 1505,0.13369999999999999,0.0,0.03261,0.0,0.0,0.0,0.0,0.09386,0.0,0.01729,0.0,0.31594,-2e-05,0.33485000000000004,0.0,0.03682,0.0,0.1466
2025-07-27 01:15:00,Uno K 1505,0.15758000000000003,0.0,0.03252,0.0,0.0,0.0,0.0,0.11744,0.0,0.01691,0.0,0.01333,-1e-05,0.03229,0.0,0.036719999999999996,0.0,0.14765999999999999
2025-07-27 01:20:00,Uno K 1505,0.13669,0.0,0.032549999999999996,0.0,0.0,0.0,0.0,0.09675,0.0,0.01746,0.0,0.013349999999999999,-2e-05,0.03268,0.0,0.036719999999999996,0.0,0.14125
2025-07-27 01:25:00,Uno K 1505,0.13698,0.0,0.03252,0.0,0.0,0.0,0.0,0.09708,0.0,0.01691,0.0,0.41394,0.0,0.43244,0.0,0.03669,0.0,0.12904
2025-07-27 01:30:00,Uno K 1505,0.13688999999999998,0.0,0.032409999999999994,0.0,0.0,0.0,0.0,0.09695999999999999,0.0,0.01713,0.0,0.31189999999999996,-1e-05,0.33065,0.0,0.03675,0.0,0.1303
2025-07-27 01:35:00,Uno K 1505,0.00322,0.0,0.015,0.0,0.0,0.0,0.0,0.00046,0.0,0.01641,0.0,0.30783,-1e-05,0.32575,0.0,0.0,0.0,0.10262
2025-07-27 01:40:00,Uno K 1505,0.00328,0.0,0.014029999999999999,0.0,0.0,0.0,0.0,0.00054,0.0,0.017410000000000002,0.0,0.30862,-1e-05,0.32762,0.0,0.0,0.0,0.10008
2025-07-27 01:45:00,Uno K 1505,0.00285,0.0,0.01261,0.0,0.0,0.0,0.0,7.000000000000001e-05,0.0,0.01702,0.0,0.01333,-1e-05,0.03215,0.0,0.0,0.0,0.02084
2025-07-27 01:50:00,Uno K 1505,0.00381,0.0,0.0116,0.0,0.0,0.0,0.0,0.00067,0.0,0.01697,0.0,0.0,0.0,0.019629999999999998,0.0,0.0,0.0,0.39847000000000005
2025-07-27 01:55:00,Uno K 1505,0.04628,0.0,0.04739,0.0,0.0,0.0,0.0,0.0438,0.0,0.0166,0.0,0.0,0.0,0.019489999999999997,0.0,0.0,0.0,0.44569
2025-07-27 02:00:00,Uno K 1505,0.04432,0.0,0.04782,0.0,0.0,0.0,0.0,0.04184,0.0,0.017410000000000002,0.0,0.0,0.0,0.019960000000000002,0.0,0.0,0.0,0.44462
2025-07-27 02:05:00,Uno K 1505,0.0621,0.0,0.047810000000000005,0.0,0.0,-1e-05,0.0,0.05945,0.0,0.0166,0.0,0.0,-1e-05,0.019469999999999998,0.0,0.0,0.0,0.09451999999999999
2025-07-27 02:10:00,Uno K 1505,0.05422,0.0,0.04759,0.0,0.0,0.0,0.0,0.05156,0.0,0.01676,0.0,0.0,0.0,0.01959,0.0,0.0,0.0,0.19502
2025-07-27 02:15:00,Uno K 1505,0.06117,0.0,0.047420000000000004,0.0,0.0,0.0,0.0,0.05849,0.0,0.01701,0.0,0.0,0.0,0.019719999999999998,0.0,0.0,0.0,0.1748
2025-07-27 02:20:00,Uno K 1505,0.06614,0.0,0.04636,0.0,0.0,0.0,0.0,0.06348,0.0,0.01659,0.0,0.0,0.0,0.019280000000000002,0.0,0.0,0.0,0.17684
2025-07-27 02:25:00,Uno K 1505,0.06543,0.0,0.047619999999999996,0.0,0.0,0.0,0.0,0.0628,0.0,0.01704,0.0,0.0,-1e-05,0.0197,0.0,0.0,0.0,0.17837
2025-07-27 02:30:00,Uno K 1505,0.04933,0.0,0.047659999999999994,0.0,0.0,0.0,0.0,0.046869999999999995,0.0,0.01684,0.0,0.0,-1e-05,0.019440000000000002,0.0,0.0,0.0,0.17811000000000002
2025-07-27 02:35:00,Uno K 1505,0.04299,0.0,0.04901,0.0,0.0,0.0,0.0,0.04045,0.0,0.01694,0.0,0.0,0.0,0.019710000000000002,0.0,0.0,0.0,0.17906
2025-07-27 02:40:00,Uno K 1505,0.060149999999999995,0.0,0.0494,0.0,0.0,0.0,0.0,0.05765,0.0,0.01657,0.0,0.0,0.0,0.01916,0.0,0.0,0.0,0.1784
2025-07-27 02:45:00,Uno K 1505,0.06343,0.0,0.047189999999999996,0.0,0.0,0.0,0.0,0.060829999999999995,0.0,0.01697,0.0,5.9999999999999995e-05,-1e-05,0.01984,0.0,0.0,0.0,0.1605
2025-07-27 02:50:00,Uno K 1505,0.06418,0.0,0.046509999999999996,0.0,0.0,0.0,0.0,0.061590000000000006,0.0,0.016989999999999998,0.0,0.0,0.0,0.01977,0.0,0.0,0.0,0.15618
2025-07-27 02:55:00,Uno K 1505,0.06584999999999999,0.0,0.047920000000000004,0.0,0.0,0.0,0.0,0.0631,0.0,0.01717,0.0,0.0,-1e-05,0.01982,0.0,0.0,0.0,0.15534
2025-07-27 03:00:00,Uno K 1505,0.06595999999999999,0.0,0.046329999999999996,0.0,0.0,0.0,0.0,0.06318,0.0,0.016980000000000002,0.0,0.0,-1e-05,0.01955,0.0,0.0,0.0,0.15271
2025-07-27 03:05:00,Uno K 1505,0.06649,0.0,0.047200000000000006,0.0,0.0,0.0,0.0,0.0636,0.0,0.01722,0.0,0.0,-1e-05,0.020120000000000002,0.0,0.0,0.0,0.15211000000000002
2025-07-27 03:10:00,Uno K 1505,0.06612,0.0,0.04828,0.0,0.0,0.0,0.0,0.06353,0.0,0.01667,0.0,0.0,0.0,0.01936,0.0,0.0,0.0,0.16743
2025-07-27 03:15:00,Uno K 1505,0.065,0.0,0.046380000000000005,0.0,0.0,0.0,0.0,0.06236,0.0,0.01725,0.0,0.0,-1e-05,0.02002,0.0,0.0,0.0,0.16787
2025-07-27 03:20:00,Uno K 1505,0.06349,0.0,0.04802,0.0,0.0,0.0,0.0,0.060840000000000005,0.0,0.01634,0.0,0.0,0.0,0.01907,0.0,0.0,0.0,0.16913
2025-07-27 03:25:00,Uno K 1505,0.06371,0.0,0.04814,0.0,0.0,0.0,0.0,0.06098,0.0,0.01652,0.0,0.0,0.0,0.019309999999999997,0.0,0.0,0.0,0.15469999999999998
2025-07-27 03:30:00,Uno K 1505,0.0494,0.0,0.04686,0.0,0.0,0.0,0.0,0.04686,0.0,0.01702,0.0,0.0,-2e-05,0.01986,0.0,0.0,0.0,0.15031
2025-07-27 03:35:00,Uno K 1505,0.05046,0.0,0.04786,0.0,0.0,0.0,0.0,0.047909999999999994,0.0,0.017070000000000002,0.0,1e-05,-1e-05,0.01977,0.0,0.0,0.0,0.14992
2025-07-27 03:40:00,Uno K 1505,0.04147,0.0,0.046770000000000006,0.0,0.0,0.0,0.0,0.038990000000000004,0.0,0.01706,0.0,0.0,-1e-05,0.01998,0.0,0.0,0.0,0.14729
2025-07-27 03:45:00,Uno K 1505,0.05389,0.0,0.046810000000000004,0.0,0.0,0.0,0.0,0.05133,0.0,0.016800000000000002,0.0,0.0,-1e-05,0.01945,0.0,0.0,0.0,0.14585
2025-07-27 03:50:00,Uno K 1505,0.04011,0.0,0.04734,0.0,0.0,0.0,0.0,0.037509999999999995,0.0,0.017410000000000002,0.0,0.0,-1e-05,0.02026,0.0,0.0,0.0,0.16068000000000002
2025-07-27 03:55:00,Uno K 1505,0.00327,0.0,0.04822,0.0,0.0,0.0,0.0,0.00054,0.0,0.01731,0.0,0.0,-2e-05,0.019960000000000002,0.0,0.0,0.0,0.16609000000000002
2025-07-27 04:00:00,Uno K 1505,0.0033,0.0,0.04895,0.0,0.0,0.0,0.0,0.00051,0.0,0.01678,0.0,0.0,-2e-05,0.0195,0.0,0.0,0.0,0.15713
2025-07-27 04:05:00,Uno K 1505,0.0034100000000000003,0.5326799999999999,0.013009999999999999,0.0,0.0,0.0,0.0,0.00055,0.0,0.017329999999999998,0.0,0.0,-2e-05,0.02009,0.0,0.0,0.0,0.63849
2025-07-27 04:10:00,Uno K 1505,0.00278,0.01512,0.01416,0.0,0.0,-2e-05,0.0,0.00016,0.0,0.01728,0.0,0.0,0.0,0.020149999999999998,0.0,0.0,0.0,0.12111
2025-07-27 04:15:00,Uno K 1505,0.00327,0.031010000000000003,0.013529999999999999,0.0,0.0,0.0,0.0,0.00054,0.0,0.01697,0.0,0.0,-2e-05,0.01964,0.0,0.0,0.0,0.1353
2025-07-27 04:20:00,Uno K 1505,0.00325,0.01499,0.01468,0.0,0.0,0.0,0.0,0.00054,0.0,0.01647,0.0,0.0,-1e-05,0.01925,0.0,0.0,0.0,0.11926
2025-07-27 04:25:00,Uno K 1505,0.00325,0.01945,0.015710000000000002,0.0,0.0,0.0,0.0,0.00047,0.0,0.01666,0.0,0.0,0.0,0.019559999999999998,0.0,0.0,0.0,0.04528
2025-07-27 04:30:00,Uno K 1505,0.00326,0.019289999999999998,0.01558,0.0,0.0,0.0,0.0,0.00058,0.0,0.01704,0.0,0.0,-1e-05,0.019739999999999997,0.0,0.0,0.0,0.04355
2025-07-27 04:35:00,Uno K 1505,0.0033900000000000002,0.019370000000000002,0.01464,0.0,0.0,0.0,0.0,0.00053,0.0,0.01676,0.0,0.0,0.0,0.01948,0.0,0.0,0.0,0.04273
2025-07-27 04:40:00,Uno K 1505,0.00283,0.01959,0.014199999999999999,0.0,0.0,0.0,0.0,0.0,0.0,0.01666,0.0,0.0,-1e-05,0.0193,0.0,0.0,0.0,0.04236
2025-07-27 04:45:00,Uno K 1505,0.00321,0.019760000000000003,0.01515,0.0,0.0,0.0,0.0,0.00055,0.0,0.01719,0.0,1e-05,-4e-05,0.01991,0.0,0.0,0.0,0.13777
2025-07-27 04:50:00,Uno K 1505,0.00273,0.01964,0.01485,0.0,0.0,0.0,0.0,0.0,0.0,0.01746,0.0,0.0,0.0,0.020239999999999998,0.0,0.0,0.0,0.14143
2025-07-27 04:55:00,Uno K 1505,0.00266,0.019620000000000002,0.01463,0.0,0.0,0.0,0.0,0.0,0.0,0.016800000000000002,0.0,0.0,-1e-05,0.01959,0.0,0.0,0.0,0.14267
2025-07-27 05:00:00,Uno K 1505,0.00335,0.01979,0.01551,0.0,0.0,0.0,0.0,0.00054,0.0,0.01712,0.0,0.0,0.0,0.01989,0.0,0.0,0.0,0.14078
2025-07-27 05:05:00,Uno K 1505,0.0030800000000000003,0.019780000000000002,0.015099999999999999,0.0,0.0,-1e-05,0.0,0.00028000000000000003,0.0,0.01706,0.0,0.0,-1e-05,0.019710000000000002,0.0,0.0,0.0,0.13007
2025-07-27 05:10:00,Uno K 1505,0.00292,0.020030000000000003,0.015220000000000001,0.0,0.0,0.0,0.0,1e-05,0.0,0.01681,0.0,0.0,-5.9999999999999995e-05,0.01941,0.0,0.0,0.0,0.1272
2025-07-27 05:15:00,Uno K 1505,0.00327,0.019969999999999998,0.01453,0.0,0.0,0.0,0.0,0.00054,0.0,0.01686,0.0,0.0,0.0,0.0195,0.0,0.0,0.0,0.12504
2025-07-27 05:20:00,Uno K 1505,0.0032,0.02,0.01551,0.0,0.0,-1e-05,0.0,0.00055,0.0,0.01688,0.0,0.0,-1e-05,0.01955,0.0,0.0,0.0,0.1252
2025-07-27 05:25:00,Uno K 1505,0.00326,0.02038,0.013710000000000002,0.0,0.0,-1e-05,0.0,0.00058,0.0,0.01745,0.0,0.0,-1e-05,0.02019,0.0,0.0,0.0,0.12214
2025-07-27 05:30:00,Uno K 1505,0.0033,0.02053,0.01486,0.0,0.0,0.0,0.0,0.00058,0.0,0.016829999999999998,0.0,0.0,-5e-05,0.01966,0.0,0.0,0.0,0.04525
2025-07-27 05:35:00,Uno K 1505,0.0033599999999999997,0.02035,0.01409,0.0,0.0,-1e-05,0.0,0.00068,0.0,0.016800000000000002,0.0,0.0,0.0,0.019469999999999998,0.0,0.0,0.0,0.04302
2025-07-27 05:40:00,Uno K 1505,0.00335,0.02084,0.013689999999999999,0.0,0.0,-1e-05,0.0,0.0005600000000000001,0.0,0.01756,0.0,0.0,-1e-05,0.02019,0.0,0.0,0.0,0.04329
2025-07-27 05:45:00,Uno K 1505,0.00262,0.0208,0.01471,0.0,0.0,-2e-05,0.0,0.0,0.0,0.01766,0.0,0.0,-5e-05,0.020370000000000003,0.0,0.0,0.0,0.044090000000000004
2025-07-27 05:50:00,Uno K 1505,0.00273,0.020640000000000002,0.0144,0.0,0.0,0.0,0.0,0.0,0.0,0.017079999999999998,0.0,0.0,-4e-05,0.019809999999999998,0.0,0.0,0.0,0.13694
2025-07-27 05:55:00,Uno K 1505,0.00325,0.02087,0.013720000000000001,0.0,0.0,0.0,0.0,0.0005200000000000001,0.0,0.01718,0.0,0.0,0.0,0.019829999999999997,0.0,0.0,0.0,0.14184
2025-07-27 06:00:00,Uno K 1505,0.0033399999999999997,0.02102,0.01515,0.0,0.0,-1e-05,0.0,0.00073,0.0,0.01722,0.0,0.0,-4e-05,0.02004,0.0,0.0,0.0,0.14443
2025-07-27 06:05:00,Uno K 1505,0.0034500000000000004,0.02091,0.01467,0.0,0.0,0.0,0.0,0.0005899999999999999,0.0,0.01728,0.0,0.0,-2e-05,0.020030000000000003,0.0,0.0,0.0,0.14201
2025-07-27 06:10:00,Uno K 1505,0.0028799999999999997,0.02109,0.01494,0.0,0.0,0.0,0.0,0.0,0.0,0.0171,0.0,0.0,0.0,0.01977,0.0,0.0,0.0,0.13056
2025-07-27 06:15:00,Uno K 1505,0.00317,0.021079999999999998,0.01466,0.0,0.0,-1e-05,0.0,0.00051,0.0,0.0172,0.0,0.0,0.0,0.01982,0.0,0.0,0.0,0.1272
2025-07-27 06:20:00,Uno K 1505,0.03922,0.02111,0.014119999999999999,0.0,0.0,0.0,0.0,0.0006,0.0,0.01706,0.0,0.0,0.0,0.019829999999999997,0.0,0.03538,0.0,0.12568000000000001
2025-07-27 06:25:00,Uno K 1505,0.022600000000000002,0.02126,0.01444,0.0,0.0,0.0,0.0,0.00065,0.0,0.01702,0.0,0.0,-1e-05,0.019289999999999998,0.0,0.01865,0.0,0.1257
2025-07-27 06:30:00,Uno K 1505,0.02258,0.02126,0.01488,0.0,0.0,0.0,0.0,0.0006,0.0,0.0169,0.0,0.0,0.0,0.01979,0.0,0.01864,0.0,0.12478
2025-07-27 06:35:00,Uno K 1505,0.02274,0.0212,0.01476,0.0,0.0,0.0,0.0,0.00069,0.0,0.01718,0.0,0.0,0.0,0.020050000000000002,0.0,0.01865,0.0,0.04471
2025-07-27 06:40:00,Uno K 1505,0.0228,0.02129,0.015130000000000001,0.0,0.0,0.0,0.0,0.00074,0.0,0.01839,0.0,0.0,0.0,0.021070000000000002,0.0,0.01847,0.0,0.044969999999999996
2025-07-27 06:45:00,Uno K 1505,0.02255,0.02153,0.01504,0.0,0.0,0.0,0.0,0.00047999999999999996,0.0,0.01685,0.0,0.0,-1e-05,0.01964,0.0,0.018539999999999997,0.0,0.04523
2025-07-27 06:50:00,Uno K 1505,0.0412,0.02147,0.0136,0.0,0.0,0.0,0.0,0.00068,0.0,0.0171,0.0,0.0,0.0,0.019850000000000003,0.0,0.03728,0.0,0.05732
2025-07-27 06:55:00,Uno K 1505,0.04102,0.01263,0.01466,0.0,0.0,0.0,0.0,0.0006,0.0,0.01668,0.008060000000000001,0.0,-1e-05,0.02817,0.0,0.03721,0.0,0.13093000000000002
2025-07-27 07:00:00,Uno K 1505,0.04058,0.0,0.01343,0.0,0.0,0.0,0.0,0.00038,0.0,0.01748,0.0079,0.0,-1e-05,0.02884,0.0,0.03701,0.0,0.11957
2025-07-27 07:05:00,Uno K 1505,0.040799999999999996,0.0,0.01349,0.0,0.0,0.0,0.0,0.00062,0.0,0.01802,0.00811,0.0,0.0,0.02969,0.0,0.036950000000000004,0.0,0.12071
2025-07-27 07:10:00,Uno K 1505,0.04076,0.0,0.01382,0.0,0.0,0.0,0.0,0.00068,0.0,0.01641,0.008060000000000001,0.0,-1e-05,0.02801,0.0,0.036789999999999996,0.0,0.11467000000000001
2025-07-27 07:15:00,Uno K 1505,0.04,0.0,0.01299,0.0,0.0,0.0,0.0,0.0,0.0,0.01713,0.00801,0.0,-1e-05,0.0287,0.0,0.0367,0.0,0.1061
2025-07-27 07:20:00,Uno K 1505,0.040240000000000005,0.0,0.01277,0.0,0.0,0.0,0.0,0.00041,0.0,0.0171,0.00808,0.0,0.0,0.0285,0.0,0.03674,0.0,0.10374
2025-07-27 07:25:00,Uno K 1505,0.0405,0.0,0.01438,0.0,0.0,0.0,0.0,0.00069,0.0,0.01671,0.00793,0.0,-2e-05,0.028079999999999997,0.0,0.036590000000000004,0.0,0.10416
2025-07-27 07:30:00,Uno K 1505,0.04039,0.0,0.01382,0.0,0.0,0.0,0.0,0.0006,0.0,0.016829999999999998,0.00821,0.0,-1e-05,0.028300000000000002,0.0,0.03663,0.0,0.10260999999999999
2025-07-27 07:35:00,Uno K 1505,0.04018,0.0,0.01272,0.0,0.0,0.0,0.0,0.00045,0.0,0.01715,0.00805,0.0,-2e-05,0.02875,0.0,0.03662,0.0,0.09934
2025-07-27 07:40:00,Uno K 1505,0.04057,0.0,0.01324,0.0,0.0,0.0,0.0,0.00067,0.0,0.01737,0.008060000000000001,0.0,-1e-05,0.02892,0.0,0.03668,0.0,0.02127
2025-07-27 07:45:00,Uno K 1505,0.04052,0.0,0.01244,0.0,0.0,0.0,0.0,0.0007199999999999999,0.0,0.017070000000000002,0.00808,0.0,-2e-05,0.028489999999999998,0.0,0.03674,0.0,0.02075
2025-07-27 07:50:00,Uno K 1505,0.04063,0.0,0.012960000000000001,0.0,0.0,0.0,0.0,0.00069,0.0,0.01724,0.008039999999999999,0.0,-1e-05,0.02876,0.0,0.03674,0.0,0.02136
2025-07-27 07:55:00,Uno K 1505,0.03979,0.0,0.01359,0.0,0.0,0.0,0.0,0.0,0.0,0.01668,0.008060000000000001,0.0,0.0,0.028149999999999998,0.0,0.03669,0.0,0.10423
2025-07-27 08:00:00,Uno K 1505,0.0405,0.0,0.01216,0.0,0.0,-1e-05,0.0,0.0005899999999999999,0.0,0.01686,0.00792,0.0,0.0,0.02819,0.0,0.03665,0.0,0.11703
2025-07-27 08:05:00,Uno K 1505,0.04057,0.0,0.01303,0.0,0.0,0.0,0.0,0.00066,0.0,0.0174,0.01079,0.0,0.0,0.03173,0.0,0.0367,0.0,0.11913
2025-07-27 08:10:00,Uno K 1505,0.039920000000000004,0.0,0.013560000000000001,0.0,0.0,0.0,0.0,0.0,0.0,0.01729,0.01088,0.0,0.0,0.03169,0.0,0.03661,0.0,0.12167
2025-07-27 08:15:00,Uno K 1505,0.04043,0.0,0.01282,0.0,0.0,0.0,0.0,0.0007099999999999999,0.0,0.01691,0.01085,0.0,-1e-05,0.03128,0.0,0.03657,0.0,0.10836
2025-07-27 08:20:00,Uno K 1505,0.03965,0.0,0.01303,0.0,0.0,0.0,0.0,0.0,0.0,0.01687,0.01083,0.0,0.0,0.03108,0.0,0.03657,0.0,0.10473
2025-07-27 08:25:00,Uno K 1505,0.00333,0.0,0.0144,0.0,0.0,0.0,0.0,0.0007099999999999999,0.0,0.01647,0.0,0.0,-1e-05,0.01823,0.0,0.0,0.0,0.10471
2025-07-27 08:30:00,Uno K 1505,0.00319,0.0,0.015050000000000001,0.0,0.0,0.0,0.0,0.00067,0.0,0.01678,0.0,0.0,-1e-05,0.01843,0.0,0.0,0.0,0.10426
2025-07-27 08:35:00,Uno K 1505,0.003,0.0,0.01473,0.0,0.0,0.0,0.0,0.00035,0.0,0.01677,0.0,0.0,0.0,0.01849,0.0,0.0,0.0,0.10143
2025-07-27 08:40:00,Uno K 1505,0.00366,0.0,0.01471,0.0,0.0,0.0,0.0,0.0007199999999999999,0.0,0.01731,0.0,0.0,0.0,0.01896,0.0,0.0,0.0,0.02291
2025-07-27 08:45:00,Uno K 1505,0.00328,0.0,0.01383,0.0,0.0,0.0,0.0,0.0007099999999999999,0.0,0.01727,0.0,0.0,0.0,0.01891,0.0,0.0,0.0,0.02169
2025-07-27 08:50:00,Uno K 1505,0.00329,0.0,0.0146,0.0,0.0,0.0,0.0,0.00068,0.0,0.01694,0.0,0.0,0.0,0.01857,0.0,0.0,0.0,0.022629999999999997
2025-07-27 08:55:00,Uno K 1505,0.00327,0.0,0.013900000000000001,0.0,0.0,0.0,0.0,0.00066,0.0,0.01772,0.0,0.0,-1e-05,0.019440000000000002,0.0,0.0,0.0,0.07077
2025-07-27 09:00:00,Uno K 1505,0.00316,0.0,0.01458,0.0,0.0,0.0,0.0,0.00069,0.0,0.01672,0.0,0.0,0.0,0.01841,0.0,0.0,0.0,0.1178
2025-07-27 09:05:00,Uno K 1505,0.0024700000000000004,0.0,0.01445,0.0,0.0,0.0,0.0,0.0,0.0,0.01729,0.0,0.0,0.0,0.01891,0.0,0.0,0.0,0.11984
2025-07-27 09:10:00,Uno K 1505,0.05354,0.0,0.01418,0.0,0.0,0.0,0.0,0.0004,0.0,0.01686,0.0,0.0,0.0,0.018670000000000003,0.0,0.05005,0.0,0.15465
2025-07-27 09:15:00,Uno K 1505,0.03681,0.0,0.01494,0.0,0.0,0.0,0.0,0.0,0.0,0.01713,0.0,0.0,0.0,0.01889,0.0,0.03368,0.0,0.13827
2025-07-27 09:20:00,Uno K 1505,0.03755,0.0,0.014240000000000001,0.0,0.0,0.0,0.0,0.0007099999999999999,0.0,0.01679,0.0,0.0,0.0,0.018609999999999998,0.0,0.033600000000000005,0.0,0.13625
2025-07-27 09:25:00,Uno K 1505,0.03628,0.0,0.01402,0.0,0.0,0.0,0.0,0.00067,0.0,0.01691,0.0,0.0,0.0,0.01863,0.0,0.03253,0.0,0.13748
2025-07-27 09:30:00,Uno K 1505,0.03713,0.0,0.013949999999999999,0.0,0.0,0.0,0.0,0.0007099999999999999,0.0,0.01651,0.0,0.0,0.0,0.018170000000000002,0.0,0.03331,0.0,0.13869
2025-07-27 09:35:00,Uno K 1505,0.03756,0.0,0.01417,0.0,0.0,0.0,0.0,0.00068,0.0,0.01666,0.0,0.0,0.0,0.01833,0.0,0.03365,0.0,0.13079
2025-07-27 09:40:00,Uno K 1505,0.03785,0.0,0.013980000000000001,0.0,0.0,0.0,0.0,0.0008100000000000001,0.0,0.01685,0.0,0.0,0.0,0.01847,0.0,0.033780000000000004,0.0,0.11957
2025-07-27 09:45:00,Uno K 1505,0.03741,0.0,0.01506,0.0,0.0,0.0,0.0,0.0007199999999999999,0.0,0.01684,0.0,0.0,0.0,0.01856,0.0,0.03369,0.0,0.11684
2025-07-27 09:50:00,Uno K 1505,0.03676,0.0,0.01377,0.0,0.0,0.0,0.0,0.0007199999999999999,0.0,0.01656,0.0,0.0,0.0,0.01819,0.0,0.032909999999999995,0.0,0.11389
2025-07-27 09:55:00,Uno K 1505,0.04879,0.0,0.01453,0.0,0.007809999999999999,0.0,0.0,7.000000000000001e-05,0.0,0.0171,0.0,0.0,0.0,0.01882,0.0,0.036950000000000004,0.0,0.11164
2025-07-27 10:00:00,Uno K 1505,0.08537,0.0,0.01446,0.0,0.00787,0.0,0.0,0.03719,0.0,0.00611,0.0,0.0,0.0,0.007940000000000001,0.0,0.03691,0.0,0.13061
2025-07-27 10:05:00,Uno K 1505,0.08452,0.0,0.0147,0.0,0.0077800000000000005,0.0,0.0,0.036520000000000004,0.0,0.00615,0.0,0.0,0.0,0.00788,0.0,0.036719999999999996,0.0,0.1336
2025-07-27 10:10:00,Uno K 1505,0.08424,0.0,0.01431,0.0,0.0077599999999999995,0.0,0.0,0.03628,0.0,0.00607,0.0,0.0,-1e-05,0.00785,0.0,0.03657,0.0,0.12212999999999999
2025-07-27 10:15:00,Uno K 1505,0.08354,0.0,0.01468,0.0,0.007809999999999999,0.0,0.0,0.03576,0.0,0.0061600000000000005,0.0,0.0,0.0,0.00792,0.0,0.0365,0.0,0.11581999999999999
2025-07-27 10:20:00,Uno K 1505,0.08341,0.0,0.05093,0.0,0.007690000000000001,0.0,0.0,0.03562,0.0,0.023170000000000003,0.0,0.0,0.0,0.02502,0.0,0.0365,0.0,0.15103999999999998
2025-07-27 10:25:00,Uno K 1505,0.08306999999999999,0.0,0.049479999999999996,0.0,0.00757,0.0,0.0,0.03529,0.0,0.023489999999999997,0.0,0.0,0.0,0.02536,0.0,0.03661,0.0,0.15072
2025-07-27 10:30:00,Uno K 1505,0.09165000000000001,0.0,0.04983,0.0,0.016149999999999998,0.0,0.0,0.03564,0.0,0.01729,0.0,0.0,0.0,0.01896,0.0,0.03651,0.0,0.16611
2025-07-27 10:35:00,Uno K 1505,0.07278,0.0,0.03306,0.0,0.016050000000000002,0.0,0.0,0.03558,0.0,0.01731,0.0,0.0,0.0,0.019010000000000003,0.0,0.01762,0.0,0.15400999999999998
2025-07-27 10:40:00,Uno K 1505,0.03817,0.0,0.00751,0.0,0.01677,0.0,0.0,5e-05,0.0,0.01701,0.0,0.0,0.0,0.018670000000000003,0.0,0.01781,0.0,0.15766
2025-07-27 10:45:00,Uno K 1505,0.0386,0.0,-2e-05,0.0,0.01684,0.0,0.0,0.0005899999999999999,0.0,0.00715,0.0,0.0,0.0,0.00903,0.0,0.01765,0.0,0.12043999999999999
2025-07-27 10:50:00,Uno K 1505,0.09597,0.0,0.00745,0.0,0.0167,0.0,0.0,0.0157,0.0,0.01727,0.0,0.0,0.0,0.01896,0.0,0.06012,0.0,0.14168
2025-07-27 10:55:00,Uno K 1505,0.07454000000000001,0.0,0.01512,0.0,0.01663,0.0,0.0,0.01502,0.0,0.01692,0.0,0.0,0.0,0.01852,0.0,0.039659999999999994,0.0,0.15247
2025-07-27 11:00:00,Uno K 1505,0.07579000000000001,0.0,0.0237,0.0,0.0165,0.0,0.0,0.01599,0.0,0.01714,0.0,0.0,0.0,0.01886,0.0,0.04007,0.0,0.15391
2025-07-27 11:05:00,Uno K 1505,0.07518000000000001,0.0,0.015349999999999999,0.0,0.016579999999999998,0.0,0.0,0.01465,0.0,0.01758,0.0,0.0,0.0,0.0193,0.0,0.04077,0.0,0.14490999999999998
2025-07-27 11:10:00,Uno K 1505,0.0746,0.0,0.0158,0.0,0.016390000000000002,0.0,0.0,0.01579,3.0516300000000003,0.0174,0.05092,0.0,0.0,3.11119,0.0,0.039,0.0,0.14506
2025-07-27 11:15:00,Uno K 1505,0.07421,0.0,0.01495,0.0,0.016329999999999997,0.0,0.0,0.01495,3.01923,0.01693,0.05083,0.0,0.0,3.07837,0.0,0.03953,0.0,0.13316
2025-07-27 11:20:00,Uno K 1505,0.07522,0.0,0.015179999999999999,0.0,0.01616,-1e-05,0.0,0.0157,0.0,0.01774,0.05038,0.0,0.0,0.07058,0.0,0.03989,0.0,0.13027
2025-07-27 11:25:00,Uno K 1505,0.04504,0.0,0.01418,0.0,0.016370000000000003,0.0,0.0,0.00067,0.0,0.01771,0.0,0.0,0.0,0.01924,0.0,0.024399999999999998,0.0,0.02047
2025-07-27 11:30:00,Uno K 1505,0.011470000000000001,0.0,0.01578,0.0,0.007690000000000001,0.0,0.0,0.00069,0.0,0.00594,0.01081,0.0,0.0,0.01941,0.0,0.0,0.0,0.03071
2025-07-27 11:35:00,Uno K 1505,0.06398,0.0,0.0,0.0,0.007690000000000001,0.0,0.0,0.00028000000000000003,0.0,0.00624,0.0,0.0,0.0,0.00792,0.0,0.0,0.05236,0.10878
2025-07-27 11:40:00,Uno K 1505,0.09868,0.0,0.013349999999999999,0.0,0.00754,0.0,0.0,0.0,0.0,0.00617,0.0,0.0,0.0,0.00799,0.0,0.0,0.08766,0.12708
2025-07-27 11:45:00,Uno K 1505,0.0704,0.0,0.01348,0.0,0.007730000000000001,0.0,0.0,0.00065,0.0,0.00601,0.0,0.0,0.0,0.007980000000000001,0.0,0.0,0.06677,0.1156
2025-07-27 11:50:00,Uno K 1505,0.06289,0.0,0.0361,0.0,0.00766,0.0,0.0,0.0,0.0,0.00624,0.0,0.0,0.0,0.00797,0.0,0.0,0.05147,0.12767
2025-07-27 11:55:00,Uno K 1505,0.15731,0.0,0.03637,0.0,0.0076,0.0,0.0,0.00068,0.0,0.00617,0.0,0.0,0.0,0.007809999999999999,0.0,0.0,0.14539,0.12824000000000002
2025-07-27 12:00:00,Uno K 1505,0.01348,0.0,0.03572,0.0,0.00758,0.0,0.0,0.00069,0.0,0.00609,0.0,0.0,0.0,0.00793,0.0,0.0,0.0004,0.12622
2025-07-27 12:05:00,Uno K 1505,0.01103,0.0,0.03118,0.0,0.007549999999999999,0.0,0.0,0.0,0.0,0.00597,0.0,0.0,0.0,0.00783,0.0,0.0,0.0,0.12081
2025-07-27 12:10:00,Uno K 1505,0.01131,0.0,0.03074,0.0,0.00744,0.0,0.0,0.00031,0.0,0.0061200000000000004,0.0,0.0,0.0,0.00787,0.0,0.0,0.0,0.03797
2025-07-27 12:15:00,Uno K 1505,0.01154,0.0,0.03218,0.0,0.0076,0.0,0.0,0.00039,0.0,0.0062699999999999995,0.0,0.0,0.0,0.008029999999999999,0.0,0.0,0.0,0.38581
2025-07-27 12:20:00,Uno K 1505,0.011710000000000002,0.0,0.03716,0.0,0.00731,0.0,0.0,0.0007099999999999999,0.0,0.008400000000000001,0.0,0.0,-1e-05,0.01011,0.0,0.0,0.0,0.39262
2025-07-27 12:25:00,Uno K 1505,0.01098,0.0,0.02696,0.0,0.0074800000000000005,0.0,0.0,0.0,0.0,0.00623,0.0,0.0,0.0,0.008,0.0,0.0,0.0,0.38136000000000003
2025-07-27 12:30:00,Uno K 1505,0.011689999999999999,0.0,0.03453,0.0,0.00722,0.0,0.0,0.00079,0.0,0.00611,0.0,0.0,0.0,0.00791,0.0,0.0,0.0,0.040850000000000004
2025-07-27 12:35:00,Uno K 1505,0.01095,0.0,0.03404,0.0,0.00723,0.0,0.0,0.0,0.0,0.00631,0.0,0.0,0.0,0.00799,0.0,0.0,0.0,0.13451
2025-07-27 12:40:00,Uno K 1505,0.01107,0.0,0.03493,0.0,0.00714,0.0,0.0,0.00016,0.0,0.00631,0.0,0.0,0.0,0.008,0.0,0.0,0.0,0.15841999999999998
2025-07-27 12:45:00,Uno K 1505,0.0115,0.0,0.03603,0.0,0.00721,0.0,0.0,0.00068,0.0,0.00608,0.0,0.0,0.0,0.007940000000000001,0.0,0.0,0.0,0.16019999999999998
2025-07-27 12:50:00,Uno K 1505,0.01168,0.0,0.03367,0.0,0.00735,0.0,0.0,0.00067,0.0,0.00608,0.0,0.0,0.0,0.00774,0.0,0.0,0.0,0.15825999999999998
2025-07-27 12:55:00,Uno K 1505,0.011810000000000001,0.0,0.02757,0.0,0.00728,0.0,0.0,0.00067,0.0,0.00615,0.0,0.0,0.0,0.00801,0.0,0.0,0.0,0.15096
2025-07-27 13:00:00,Uno K 1505,0.011519999999999999,0.0,0.02258,0.0,0.007030000000000001,0.0,0.0,0.00069,0.0,0.00608,0.0,0.0,0.0,0.00787,0.0,0.0,0.0,0.14515999999999998
2025-07-27 13:05:00,Uno K 1505,0.011609999999999999,0.0,0.023690000000000003,0.0,0.00714,0.0,0.0,0.0007099999999999999,0.0,0.00647,0.0,0.0,0.0,0.00831,0.0,0.0,0.0,0.1456
2025-07-27 13:10:00,Uno K 1505,0.01145,0.0,0.0232,0.0,0.00709,0.0,0.0,0.00069,0.0,0.00615,0.0,0.0,0.0,0.00783,0.0,0.0,0.0,0.14341
2025-07-27 13:15:00,Uno K 1505,0.01076,0.0,0.022539999999999998,0.0,0.00711,-1e-05,0.0,0.0,0.0,0.00611,0.0,0.0,0.0,0.00808,0.0,0.0,0.0,0.13593
2025-07-27 13:20:00,Uno K 1505,0.011470000000000001,0.0,0.019969999999999998,0.0,0.007030000000000001,0.0,0.0,0.00069,0.0,0.0061600000000000005,0.0,0.0,0.0,0.00792,0.0,0.0,0.0,0.12351999999999999
2025-07-27 13:25:00,Uno K 1505,0.01075,0.0,0.01856,0.0,0.00697,0.0,0.0,4e-05,0.0,0.00632,0.0,0.0,0.0,0.0081,0.0,0.0,0.0,0.11896999999999999
2025-07-27 13:30:00,Uno K 1505,0.011269999999999999,0.0,0.01445,0.0,0.0070599999999999994,0.0,0.0,0.00065,0.0,0.00635,0.0,0.0,0.0,0.008230000000000001,0.0,0.0,0.0,0.11258
2025-07-27 13:35:00,Uno K 1505,0.01064,0.0,0.01479,0.0,0.006889999999999999,0.0,0.0,0.0,0.0,0.00647,0.0,0.0,-1e-05,0.00819,0.0,0.0,0.0,0.1113
2025-07-27 13:40:00,Uno K 1505,0.01117,0.0,0.0146,0.0,0.0067599999999999995,0.0,0.0,0.00045,0.0,0.00615,0.0,0.0,0.0,0.00793,0.0,0.0,0.0,0.12304000000000001
2025-07-27 13:45:00,Uno K 1505,0.01119,0.0,0.01341,0.0,0.00664,0.0,0.0,0.00068,0.0,0.00654,0.0,0.0,0.0,0.008230000000000001,0.0,0.0,0.0,0.12575
2025-07-27 13:50:00,Uno K 1505,0.011179999999999999,0.0,0.01439,0.0,0.00666,0.0,0.0,0.0005899999999999999,0.0,0.0062699999999999995,0.0,0.0,0.0,0.00819,0.0,0.0,0.0,0.12755
2025-07-27 13:55:00,Uno K 1505,0.01145,0.0,0.01366,0.0,0.00687,0.0,0.0,0.00082,0.0,0.00611,0.0,0.0,0.0,0.00797,0.0,0.0,0.0,0.12613
2025-07-27 14:00:00,Uno K 1505,0.011210000000000001,0.0,0.01427,0.0,0.00663,0.0,0.0,0.00066,0.0,0.0065,0.0,0.0,0.0,0.00819,0.0,0.0,0.0,0.11172
2025-07-27 14:05:00,Uno K 1505,0.01028,0.0,0.01392,0.0,0.00654,0.0,0.0,0.0,0.0,0.00623,0.0,0.0,0.0,0.008029999999999999,0.0,0.0,0.0,0.10809
2025-07-27 14:10:00,Uno K 1505,0.01091,0.0,0.01358,0.0,0.00647,0.0,0.0,0.00068,0.0,0.00596,0.0,0.0,0.0,0.00799,0.0,0.0,0.0,0.1062
2025-07-27 14:15:00,Uno K 1505,0.01077,0.0,0.01417,0.0,0.00654,0.0,0.0,0.00068,0.0,0.00642,0.0,0.0,-1e-05,0.00791,0.0,0.0,0.0,0.10596
2025-07-27 14:20:00,Uno K 1505,0.01102,0.0,0.01417,0.0,0.0063,0.0,0.0,0.00075,0.0,0.00614,0.0,0.0,0.0,0.0078,0.0,0.0,0.0,0.10693000000000001
2025-07-27 14:25:00,Uno K 1505,0.01088,0.0,0.014060000000000001,0.0,0.00637,0.0,0.0,0.00079,0.0,0.00636,0.0,0.0,-1e-05,0.00813,0.0,0.0,0.0,0.11919
2025-07-27 14:30:00,Uno K 1505,0.01076,0.0,0.01431,0.0,0.00624,0.0,0.0,0.0007199999999999999,0.0,0.00644,0.0,0.0,0.0,0.00824,0.0,0.0,0.0,0.12240000000000001
2025-07-27 14:35:00,Uno K 1505,0.01063,0.0,0.01449,0.0,0.0062,0.0,0.0,0.00065,0.0,0.00628,0.0,0.0,0.0,0.007940000000000001,0.0,0.0,0.0,0.12347
2025-07-27 14:40:00,Uno K 1505,0.010490000000000001,0.0,0.0145,0.0,0.0062,0.0,0.0,0.00045,0.0,0.00614,0.0,0.0,0.0,0.00777,0.0,0.0,0.0,0.10914
2025-07-27 14:45:00,Uno K 1505,0.01078,0.0,0.012,0.0,0.00623,0.0,0.0,0.00074,0.0,0.01765,0.0,0.0,0.0,0.019280000000000002,0.0,0.0,0.0,0.11109000000000001
2025-07-27 14:50:00,Uno K 1505,0.01024,0.0,0.01314,0.0,0.0061600000000000005,0.0,0.0,0.00066,0.0,0.01666,0.0,0.0,-1e-05,0.018269999999999998,0.0,0.0,0.0,0.12028
2025-07-27 14:55:00,Uno K 1505,0.01031,0.0,0.01249,0.0,0.006,0.0,0.0,0.00067,0.0,0.01659,0.0,0.0,0.0,0.01822,0.0,0.0,0.0,0.12915000000000001
2025-07-27 15:00:00,Uno K 1505,0.01024,0.0,0.01233,0.0,0.00613,0.0,0.0,0.00069,0.0,0.01706,0.0,0.0,0.0,0.01873,0.0,0.0,0.0,0.13012
2025-07-27 15:05:00,Uno K 1505,0.010199999999999999,0.0,0.01284,0.0,0.00594,0.0,0.0,0.00066,0.0,0.016980000000000002,0.0,0.0,0.0,0.01884,0.0,0.0,0.0,0.11613
2025-07-27 15:10:00,Uno K 1505,0.010150000000000001,0.0,0.01214,0.0,0.00577,0.0,0.0,0.00069,0.0,0.01727,0.0,0.0,0.0,0.019010000000000003,0.0,0.0,0.0,0.11209999999999999
2025-07-27 15:15:00,Uno K 1505,0.0103,0.0,0.01282,0.0,0.00591,0.0,0.0,0.00065,0.0,0.016649999999999998,0.0,0.0,0.0,0.0183,0.0,0.0,0.0,0.11148999999999999
2025-07-27 15:20:00,Uno K 1505,0.01017,0.0,0.01342,0.0,0.00575,0.0,0.0,0.00066,0.0,0.016640000000000002,0.0,0.0,0.0,0.018420000000000002,0.0,0.0,0.0,0.111
2025-07-27 15:25:00,Uno K 1505,0.009699999999999999,0.0,0.01351,0.0,0.00561,0.0,0.0,0.0,0.0,0.01688,0.0,0.0,0.0,0.01856,0.0,0.0,0.0,0.10994
2025-07-27 15:30:00,Uno K 1505,0.01017,0.0,0.013210000000000001,0.0,0.0054800000000000005,0.0,0.0,0.0007099999999999999,0.0,0.01712,0.0,0.0,0.0,0.01875,0.0,0.0,0.0,0.12093999999999999
2025-07-27 15:35:00,Uno K 1505,0.010029999999999999,0.0,0.013359999999999999,0.0,0.005679999999999999,0.0,0.0,0.00068,0.0,0.01725,0.0,0.0,0.0,0.01891,0.0,0.0,0.0,0.12525
2025-07-27 15:40:00,Uno K 1505,0.00922,0.0,0.01291,0.0,0.00551,0.0,0.0,4e-05,0.0,0.01657,0.0,0.0,-1e-05,0.01833,0.0,0.0,0.0,0.12703
2025-07-27 15:45:00,Uno K 1505,0.009800000000000001,0.0,0.01272,0.0,0.00561,0.0,0.0,0.00039,0.0,0.016800000000000002,0.0,0.0,0.0,0.01849,0.0,0.0,0.0,0.11827
2025-07-27 15:50:00,Uno K 1505,0.00902,0.0,0.01306,0.0,0.0054,0.0,0.0,0.0,0.0,0.01617,0.0,0.0,0.0,0.017929999999999998,0.0,0.0,0.0,0.11175
2025-07-27 15:55:00,Uno K 1505,0.009300000000000001,0.0,0.013519999999999999,0.0,0.00549,0.0,0.0,0.00026000000000000003,0.0,0.01657,0.0,0.0,0.0,0.0184,0.0,0.0,0.0,0.11058
2025-07-27 16:00:00,Uno K 1505,0.009,0.0,0.013640000000000001,0.0,0.00554,0.0,0.0,0.0,0.0,0.016980000000000002,0.0,0.0,0.0,0.018670000000000003,0.0,0.0,0.0,0.10975
2025-07-27 16:05:00,Uno K 1505,0.00985,0.0,0.01314,0.0,0.00539,0.0,0.0,0.00039,0.0,0.01694,0.0,0.0,0.0,0.01866,0.0,0.0,0.0,0.02916
2025-07-27 16:10:00,Uno K 1505,0.02823,0.0,0.022969999999999997,0.0,0.00539,0.0,0.0,0.00061,0.0,0.01745,0.0,0.0,0.0,0.019170000000000003,0.0,0.01813,0.0,0.038840000000000006
2025-07-27 16:15:00,Uno K 1505,0.02825,0.0,0.024050000000000002,0.0,0.00539,0.0,0.0,0.00063,0.0,0.01719,0.0,0.0,0.0,0.01907,0.0,0.018,0.0,0.0399
2025-07-27 16:20:00,Uno K 1505,0.028149999999999998,0.0,0.023309999999999997,0.0,0.0052699999999999995,0.0,0.0,0.0008,0.0,0.01747,0.0,0.0,0.0,0.0192,0.0,0.01787,0.0,0.040490000000000005
2025-07-27 16:25:00,Uno K 1505,0.02773,0.0,0.022850000000000002,0.0,0.00524,0.0,0.0,0.0006,0.0,0.01807,0.0,0.0,-1e-05,0.019780000000000002,0.0,0.01777,0.0,0.13422
2025-07-27 16:30:00,Uno K 1505,0.02792,0.0,0.022510000000000002,0.0,0.00534,0.0,0.0,0.00068,0.0,0.0174,0.0,0.0,0.0,0.019129999999999998,0.0,0.01765,0.0,0.13803
2025-07-27 16:35:00,Uno K 1505,0.02759,0.0,0.02393,0.0,0.00523,0.0,0.0,0.00069,0.0,0.01681,0.0,0.0,-1e-05,0.01852,0.0,0.01759,0.0,0.14133
2025-07-27 16:40:00,Uno K 1505,0.055920000000000004,0.0,0.04636,0.0,0.01028,0.0,0.0,0.00138,0.0,0.033519999999999994,0.0,0.0,0.0,0.03712,0.0,0.03492,0.0,0.2748
2025-07-27 16:45:00,Uno K 1505,0.10948000000000001,0.0,0.05068,0.0,0.02042,0.0,0.0,0.00232,0.0,0.06704,0.0,0.0,0.0,0.07392,0.0,0.0703,0.0,0.42034000000000005
2025-07-27 16:50:00,Uno K 1505,0.02155,0.0,0.01351,0.0,0.0,0.0,0.0,0.00054,0.0,0.01694,0.01083,0.0,0.0,0.03015,0.0,0.01763,0.0,0.13057
2025-07-27 16:55:00,Uno K 1505,0.02145,0.0,0.01331,0.0,0.0,0.0,0.0,0.00038,0.0,0.01726,0.01085,0.0,0.0,0.03048,0.0,0.01757,0.0,0.13738999999999998
2025-07-27 17:00:00,Uno K 1505,0.02197,0.0,0.01564,0.0,0.0,0.0,0.0,0.00079,0.0,0.01687,0.01074,0.0,0.0,0.03028,0.0,0.0175,0.0,0.13905
2025-07-27 17:05:00,Uno K 1505,0.02153,0.0,0.01456,0.0,0.0,0.0,0.0,0.00062,0.0,0.01765,0.01085,0.0,-1e-05,0.03075,0.0,0.01757,0.0,0.14171
2025-07-27 17:10:00,Uno K 1505,0.0419,0.0,0.015,0.0,0.0129,0.0,0.0,0.00066,0.0,0.03412,0.0,0.0,0.0,0.03599,0.0,0.02432,0.0,0.14206
2025-07-27 17:15:00,Uno K 1505,0.04203,0.0,0.01478,0.0,0.01242,0.0,0.0,0.00069,0.0,0.03412,0.0,0.0,0.0,0.03585,0.0,0.02461,0.0,0.14195
2025-07-27 17:20:00,Uno K 1505,0.04246,0.0,0.02327,0.0,0.01272,0.0,0.0,0.00066,0.0,0.03407,0.0,0.0,0.0,0.035859999999999996,0.0,0.02491,0.0,0.13479
2025-07-27 17:25:00,Uno K 1505,0.04174,0.0,0.0232,0.0,0.01256,0.0,0.0,0.0,0.0,0.03376,0.0,0.0,0.0,0.03541,0.0,0.02499,0.0,0.12862
2025-07-27 17:30:00,Uno K 1505,0.04221,0.0,0.0232,0.0,0.01264,0.0,0.0,0.00068,0.0,0.0334,0.0,0.0,0.0,0.03526,0.0,0.02484,0.0,0.13734
2025-07-27 17:35:00,Uno K 1505,0.04212,0.0,0.024059999999999998,0.0,0.01248,0.0,0.0,0.00069,0.0,0.033960000000000004,0.0,0.0,0.0,0.03588,0.0,0.02454,0.0,0.13763
2025-07-27 17:40:00,Uno K 1505,0.07642,0.0,0.02314,0.0,0.01268,0.0,0.0,0.0,0.0,0.033530000000000004,0.0,0.0,-1e-05,0.03532,0.0,0.05956,0.0,0.13588
2025-07-27 17:45:00,Uno K 1505,0.07673999999999999,0.0,0.0241,0.0,0.01259,0.0,0.0,0.00054,0.0,0.034140000000000004,0.0,0.0,0.0,0.03581,0.0,0.05939,0.0,0.14879
2025-07-27 17:50:00,Uno K 1505,0.09264,0.0,0.02366,0.0,0.01262,0.0,0.0,0.0,0.0,0.03446,0.0,0.0,0.0,0.0363,0.0,0.07582,0.0,0.15836
2025-07-27 17:55:00,Uno K 1505,0.09246,0.0,0.02375,0.0,0.01259,0.0,0.0,0.00049,0.0,0.0343,0.0,0.0,0.0,0.03615,0.0,0.07507,0.0,0.15977000000000002
2025-07-27 18:00:00,Uno K 1505,0.07906,0.0,0.01247,0.0,0.0,0.0,0.0,0.00067,0.0,0.0347,0.0,0.0,-1e-05,0.03649,0.0,0.07499,0.0,0.13978
2025-07-27 18:05:00,Uno K 1505,0.07869,0.0,0.023969999999999998,0.0,0.0,0.0,0.0,0.00011999999999999999,0.0,0.033960000000000004,0.0,0.0,0.0,0.03575,0.0,0.07525,0.0,0.14198
2025-07-27 18:10:00,Uno K 1505,0.07956999999999999,0.0,0.024399999999999998,0.0,0.0,0.0,0.0,0.00068,0.0,0.03387,0.0,0.0,0.0,0.03573,0.0,0.07556,0.0,0.13723
2025-07-27 18:15:00,Uno K 1505,0.030940000000000002,0.0,0.00744,0.0,0.00805,0.0,0.0,0.00067,0.0,0.00618,0.0,0.0,0.0,0.008,0.0,0.01811,0.0,0.1193
2025-07-27 18:20:00,Uno K 1505,0.0742,0.0,0.07173,0.0,0.008140000000000001,0.0,0.0,0.00065,3.17946,0.016300000000000002,0.01095,0.0,0.0,3.1988499999999997,0.0,0.02469,0.03644,0.18027
2025-07-27 18:25:00,Uno K 1505,0.23238,0.0,0.01804,0.0,0.008029999999999999,0.0,0.0,0.0,3.1965,0.01752,0.01092,0.0,-1e-05,3.21589,0.0,0.02441,0.19561,0.12855
2025-07-27 18:30:00,Uno K 1505,0.039020000000000006,0.0,0.012039999999999999,0.0,0.007940000000000001,0.0,0.0,0.00053,0.0,0.00656,0.0,0.0,0.0,0.008199999999999999,0.0,0.02444,0.00047,0.13999
2025-07-27 18:35:00,Uno K 1505,0.03678,0.0,0.06261,0.0,0.00802,0.0,0.0,0.0,0.0,0.0061600000000000005,0.0,0.0,0.0,0.00801,0.0,0.02456,0.0,0.19369999999999998
2025-07-27 18:40:00,Uno K 1505,0.0031,0.0,0.06001,0.0,0.0,0.0,0.0,8e-05,0.0,0.00615,0.0,0.0,0.0,0.00792,0.0,0.0,0.0,0.19272999999999998
2025-07-27 18:45:00,Uno K 1505,,0.0,-1e-05,0.0,,0.0,,,0.0,0.0062,0.0,0.0,-1e-05,0.008029999999999999,0.0,,,0.12192
2025-07-27 18:50:00,Uno K 1505,0.01454,0.0,-4e-05,0.0,0.0,0.0,0.0,0.00276,0.0,0.02524,0.0,0.0,0.0,0.03184,0.0,0.0,0.0,0.47012
2025-07-27 18:55:00,Uno K 1505,0.0036,0.0,-1e-05,0.0,0.0,0.0,0.0,0.00069,0.0,0.00607,0.0,0.0,0.0,0.00796,0.0,0.0,0.0,0.10495
2025-07-27 19:00:00,Uno K 1505,0.00365,0.0,0.0,0.0,0.0,0.0,0.0,0.00061,0.0,0.00621,0.0,0.0,0.0,0.008,0.0,0.0,0.0,0.10143
2025-07-27 19:05:00,Uno K 1505,0.0031,0.0,0.0,0.0,0.0,0.0,0.0,8.999999999999999e-05,0.0,0.0062,0.0,0.0,0.0,0.00791,0.0,0.0,0.0,0.0989
2025-07-27 19:10:00,Uno K 1505,0.0035499999999999998,0.0,-1e-05,0.0,0.0,0.0,0.0,0.00067,0.0,0.00625,0.0,0.0,0.0,0.008039999999999999,0.0,0.0,0.0,0.09874
2025-07-27 19:15:00,Uno K 1505,0.00379,0.0,0.0,0.0,0.0,0.0,0.0,0.00078,0.0,0.00625,0.0,0.0,0.0,0.00807,0.0,0.0,0.0,0.01844
2025-07-27 19:20:00,Uno K 1505,0.00366,0.0,0.0,0.0,0.0,0.0,0.0,0.00067,0.0,0.0060999999999999995,0.0,0.0,0.0,0.008140000000000001,0.0,0.0,0.0,0.01695
2025-07-27 19:25:00,Uno K 1505,0.0034500000000000004,0.0,-4e-05,0.0,0.0,0.0,0.0,0.00055,0.0,0.00631,0.0,0.0,0.0,0.008029999999999999,0.0,0.0,0.0,0.01695
2025-07-27 19:30:00,Uno K 1505,0.0029,0.0,0.0,0.0,0.0,0.0,0.0,5.9999999999999995e-05,0.0,0.00618,0.0,0.0,0.0,0.0077800000000000005,0.0,0.0,0.0,0.01638
2025-07-27 19:35:00,Uno K 1505,0.00282,0.0,-1e-05,0.0,0.0,0.0,0.0,0.0,0.0,0.00609,0.0,0.0,0.0,0.008029999999999999,0.0,0.0,0.0,0.11398
2025-07-27 19:40:00,Uno K 1505,0.00294,0.0,0.0,0.0,0.0,0.0,0.0,0.0,0.0,0.00621,0.0,0.0,0.0,0.00799,0.0,0.0,0.0,0.11794
2025-07-27 19:45:00,Uno K 1505,0.00289,0.0,-1e-05,0.0,0.0,0.0,0.0,0.0,0.0,0.00621,0.0,0.0,0.0,0.00777,0.0,0.0,0.0,0.11944
2025-07-27 19:50:00,Uno K 1505,0.0028,0.0,-1e-05,0.0,0.0,0.0,0.0,0.0,0.0,0.0062,0.0,0.0,0.0,0.00796,0.0,0.0,0.0,0.11912
2025-07-27 19:55:00,Uno K 1505,0.00285,0.0,0.0,0.0,0.0,0.0,0.0,0.0,0.0,0.00609,0.0,0.0,0.0,0.007940000000000001,0.0,0.0,0.0,0.11465
2025-07-27 20:00:00,Uno K 1505,0.0036,0.0,0.0,0.0,0.0,0.0,0.0,0.00049,0.0,0.00614,0.0,0.0,0.0,0.00793,0.0,0.0,0.0,0.10493000000000001
2025-07-27 20:05:00,Uno K 1505,0.00361,0.0,0.0,0.0,0.0,0.0,0.0,0.00065,0.0,0.00604,0.0,0.0,0.0,0.00788,0.0,0.0,0.0,0.10231
2025-07-27 20:10:00,Uno K 1505,0.00367,0.0,0.0,0.0,0.0,0.0,0.0,0.00061,0.0,0.0061200000000000004,0.0,0.0,0.0,0.00779,0.0,0.0,0.0,0.10288
2025-07-27 20:15:00,Uno K 1505,0.00289,0.0,-1e-05,0.0,0.0,0.0,0.0,0.0,0.0,0.0061200000000000004,0.0,0.0,0.0,0.00791,0.0,0.0,0.0,0.09925
2025-07-27 20:20:00,Uno K 1505,0.00359,0.0,0.0,0.0,0.0,0.0,0.0,0.00069,0.0,0.00628,0.0,0.0,0.0,0.00793,0.0,0.0,0.0,0.09845999999999999
2025-07-27 20:25:00,Uno K 1505,0.003,0.0,0.0,0.0,0.0,0.0,0.0,0.0,0.0,0.00621,0.0,0.0,0.0,0.007980000000000001,0.0,0.0,0.0,0.01693
2025-07-27 20:30:00,Uno K 1505,0.00401,0.0,0.0,0.0,0.0,0.0,0.0,0.00082,0.0,0.0062900000000000005,0.0,0.0,0.0,0.00793,0.0,0.0,0.0,0.07492
2025-07-27 20:35:00,Uno K 1505,0.0030499999999999998,0.0,-1e-05,0.0,0.0,0.0,0.0,0.0,0.0,0.00621,0.0,0.0,0.0,0.007980000000000001,0.0,0.0,0.0,0.11434
2025-07-27 20:40:00,Uno K 1505,0.0038799999999999998,0.0,0.0,0.0,0.0,0.0,0.0,0.0007199999999999999,0.0,0.0062699999999999995,0.0,0.0,0.0,0.00819,0.0,0.0,0.0,0.11747
2025-07-27 20:45:00,Uno K 1505,0.0029,0.0,-5e-05,0.0,0.0,0.0,0.0,0.0,0.0,0.0062,0.0,0.0,0.0,0.008,0.0,0.0,0.0,0.1185
2025-07-27 20:50:00,Uno K 1505,0.00359,0.0,0.0,0.0,0.0,0.0,0.0,0.00063,0.0,0.00637,0.0,0.0,-2e-05,0.008,0.0,0.0,0.0,0.11153
2025-07-27 20:55:00,Uno K 1505,0.0035,0.0,0.0,0.0,0.0,0.0,0.0,0.0005899999999999999,0.0,0.0061200000000000004,0.0,0.0,0.0,0.00786,0.0,0.0,0.0,0.10365
2025-07-27 21:00:00,Uno K 1505,0.0030099999999999997,0.0,-0.00011999999999999999,0.0,0.0,0.0,0.0,0.0,0.0,0.0062,0.0,0.0,0.0,0.00777,0.0,0.0,0.0,0.10107
2025-07-27 21:05:00,Uno K 1505,0.0033900000000000002,0.0,-8e-05,0.0,0.0,0.0,0.0,0.00045,0.0,0.00623,0.0,0.0,0.0,0.0079,0.0,0.0,0.0,0.09947
2025-07-27 21:10:00,Uno K 1505,0.00423,0.0,-1e-05,0.0,0.0,0.0,0.0,0.00074,0.0,0.00622,0.0,0.0,-2e-05,0.00783,0.0,0.0,0.0,0.01831
2025-07-27 21:15:00,Uno K 1505,0.00381,0.0,-5.9999999999999995e-05,0.0,0.0,0.0,0.0,0.00068,0.0,0.00601,0.0,0.0,0.0,0.008039999999999999,0.0,0.0,0.0,0.38521
2025-07-27 21:20:00,Uno K 1505,0.00369,0.0,-1e-05,0.0,0.0,0.0,0.0,0.00061,0.0,0.00618,0.0,0.0,0.0,0.00783,0.0,0.0,0.0,0.38312999999999997
2025-07-27 21:25:00,Uno K 1505,0.038619999999999995,0.0,-5.9999999999999995e-05,0.0,0.0,0.0,0.0,0.03601,0.0,0.0062,0.0,0.0,0.0,0.00797,0.0,0.0,0.0,0.38277999999999995
2025-07-27 21:30:00,Uno K 1505,0.03798,0.0,-1e-05,0.0,0.0,0.0,0.0,0.03536,0.0,0.03397,0.01086,0.0,0.0,0.04752,0.0,0.0,0.0,0.048659999999999995
2025-07-27 21:35:00,Uno K 1505,0.03848,0.0,-1e-05,0.0,0.0,0.0,0.0,0.03572,0.0,0.01694,0.0,0.42244,0.0,0.44113,0.0,0.0,0.0,0.1462
2025-07-27 21:40:00,Uno K 1505,0.03818,0.0,-1e-05,0.0,0.0,0.0,0.0,0.03552,0.0,0.01759,0.0,0.41752,0.0,0.43666000000000005,0.0,0.0,0.0,0.12602
2025-07-27 21:45:00,Uno K 1505,0.03828,0.0,-5e-05,0.0,0.0,0.0,0.0,0.03555,0.0,0.017079999999999998,0.0,0.31262,0.0,0.33122,0.0,0.0,0.0,0.13072
2025-07-27 21:50:00,Uno K 1505,0.038310000000000004,0.0,-5e-05,0.0,0.0,0.0,0.0,0.03555,0.0,0.01694,0.0,0.30910000000000004,-1e-05,0.32765,0.0,0.0,0.0,0.13088
2025-07-27 21:55:00,Uno K 1505,0.03823,0.0,-1e-05,0.0,0.0,0.0,0.0,0.03541,0.0,0.01717,0.0,0.30833999999999995,0.0,0.32702,0.0,0.0,0.0,0.12908
2025-07-27 22:00:00,Uno K 1505,0.03818,0.0,0.0,0.0,0.0,0.0,0.0,0.03554,0.0,0.01764,0.0,0.30828,0.0,0.32738,0.0,0.0,0.0,0.12825
2025-07-27 22:05:00,Uno K 1505,0.03822,0.0,-5e-05,0.0,0.0,0.0,0.0,0.03558,0.0,0.01746,0.0,0.30852999999999997,0.0,0.32758,0.0,0.0,0.0,0.12847
2025-07-27 22:10:00,Uno K 1505,0.03836,0.0,-1e-05,0.0,0.0,0.0,0.0,0.03549,0.0,0.01715,0.0,0.33591000000000004,0.0,0.35475,0.0,0.0,0.0,0.11758
2025-07-27 22:15:00,Uno K 1505,0.03824,0.0,-0.00017999999999999998,0.0,0.0,0.0,0.0,0.03555,0.0,0.016989999999999998,0.0,0.31083999999999995,-1e-05,0.32938999999999996,0.0,0.0,0.0,0.11133
2025-07-27 22:20:00,Uno K 1505,0.03817,0.0,-2e-05,0.0,0.0,0.0,0.0,0.03551,0.0,0.01727,0.0,0.31115,0.0,0.33,0.0,0.0,0.0,0.10729999999999999
2025-07-27 22:25:00,Uno K 1505,0.10784,0.0,-0.00011999999999999999,0.0,0.0,0.0,0.0,0.03549,0.0,0.01729,0.0,0.31127999999999995,0.0,0.33023,0.0,0.0,0.06944,0.10546
2025-07-27 22:30:00,Uno K 1505,0.22794,0.0,0.05005,0.0,0.0,0.0,0.0,0.03552,0.0,0.01677,0.0,0.3128,0.0,0.33103,0.0,0.0,0.18963,0.17332
2025-07-27 22:35:00,Uno K 1505,0.039799999999999995,0.0,0.04925,0.0,0.0,0.0,0.0,0.03477,0.0,0.01695,0.0,0.31542000000000003,0.0,0.33388,0.0,0.0,0.0018700000000000001,0.17524
2025-07-27 22:40:00,Uno K 1505,0.03818,0.0,0.047630000000000006,0.0,0.0,0.0,0.0,0.03541,0.0,0.01693,0.0,0.71574,0.0,0.7343,0.0,0.0,0.0,0.17158
2025-07-27 22:45:00,Uno K 1505,0.03753,0.0,0.047310000000000005,0.0,0.0,0.0,0.0,0.03478,0.0,0.01681,0.0,0.01316,0.0,0.03211,0.0,0.0,0.0,0.16588999999999998
2025-07-27 22:50:00,Uno K 1505,0.03818,0.0,0.04945,0.0,0.0,0.0,0.0,0.03538,0.0,0.01678,0.0,0.46858999999999995,0.0,0.48688,0.0,0.0,0.0,0.15788
2025-07-27 22:55:00,Uno K 1505,0.03832,0.0,0.04914,0.0,0.0,0.0,0.0,0.03548,0.0,0.01684,0.0,0.31297,-1e-05,0.33141000000000004,0.0,0.0,0.0,0.15319999999999998
2025-07-27 23:00:00,Uno K 1505,0.038689999999999995,0.0,0.04888,0.0,0.0,0.0,0.0,0.03578,0.0,0.01715,0.0,0.31477,0.0,0.33352,0.0,0.0,0.0,0.15131999999999998
2025-07-27 23:05:00,Uno K 1505,0.038119999999999994,0.0,0.049280000000000004,0.0,0.0,0.0,0.0,0.03536,0.0,0.01678,0.0,0.31513,-1e-05,0.33347000000000004,0.0,0.0,0.0,0.15026
2025-07-27 23:10:00,Uno K 1505,0.03848,0.0,0.04914,0.0,0.0,0.0,0.0,0.03569,0.0,0.016489999999999998,0.0,0.31207,0.0,0.33009,0.0,0.0,0.0,0.16354
2025-07-27 23:15:00,Uno K 1505,0.03781,0.0,0.049640000000000004,0.0,0.0,0.0,0.0,0.03502,0.0,0.017329999999999998,0.0,0.31115,0.0,0.32993,0.0,0.0,0.0,0.16756000000000001
2025-07-27 23:20:00,Uno K 1505,0.038299999999999994,0.0,-5.9999999999999995e-05,0.0,0.0,0.0,0.0,0.03556,0.0,0.01731,0.0,0.31675,0.0,0.3355,0.0,0.0,0.0,0.11606999999999999
2025-07-27 23:25:00,Uno K 1505,0.037840000000000006,0.0,-5.9999999999999995e-05,0.0,0.0,0.0,0.0,0.03501,0.0,0.01678,0.0,0.01311,-1e-05,0.03201,0.0,0.0,0.0,0.10316
2025-07-27 23:30:00,Uno K 1505,0.060719999999999996,0.0,-1e-05,0.0,0.0,-1e-05,0.0,0.05801,0.0,0.016829999999999998,0.0,0.01329,0.0,0.032060000000000005,0.0,0.0,0.0,0.09908
2025-07-27 23:35:00,Uno K 1505,0.08105,0.0,-1e-05,0.0,0.0,0.0,0.0,0.07762999999999999,0.0,0.01712,0.0,0.3231,0.0,0.34192,0.0,0.0,0.0,0.09776
2025-07-27 23:40:00,Uno K 1505,0.07447,0.0,0.0,0.0,0.0,0.0,0.0,0.07162,0.0,0.01742,0.0,0.31389,0.0,0.3328,0.0,0.0,0.0,0.09687
2025-07-27 23:45:00,Uno K 1505,0.038090000000000006,0.0,-4e-05,0.0,0.0,0.0,0.0,0.03531,0.0,0.01711,0.0,0.038439999999999995,0.0,0.05718,0.0,0.0,0.0,0.09616
2025-07-27 23:50:00,Uno K 1505,0.07127,0.0,-7.000000000000001e-05,0.0,0.0,0.0,0.0,0.06825,0.0,0.01717,0.0,0.0,0.0,0.01989,0.0,0.0,0.0,0.01459
2025-07-27 23:55:00,Uno K 1505,0.06616,0.0,-2e-05,0.0,0.0,0.0,0.0,0.06326,0.0,0.0167,0.0,0.0,-1e-05,0.0193,0.0,0.0,0.0,0.014410000000000001
2025-07-28 00:00:00,Uno K 1505,0.07840000000000001,0.0,-7.000000000000001e-05,0.0,0.0,0.0,0.0,0.07590000000000001,0.0,0.01711,0.0,0.0,0.0,0.019780000000000002,0.0,0.0,0.0,0.0144
2025-07-28 00:05:00,Uno K 1505,0.08356,0.0,-4e-05,0.0,0.0,0.0,0.0,0.08003,0.0,0.01679,0.0,0.0,-1e-05,0.019579999999999997,0.0,0.0,0.0,0.04443
2025-07-28 00:10:00,Uno K 1505,0.08449,0.0,0.00767,0.0,0.0,0.0,0.0,0.08108,0.0,0.01713,0.0,0.0,0.0,0.019739999999999997,0.0,0.0,0.0,0.12106
2025-07-28 00:15:00,Uno K 1505,0.08262,0.0,0.00745,0.0,0.0,0.0,0.0,0.07934000000000001,0.0,0.01702,0.0,0.0,0.0,0.019780000000000002,0.0,0.0,0.0,0.12345
2025-07-28 00:20:00,Uno K 1505,0.07048,0.0,0.0074800000000000005,0.0,0.0,0.0,0.0,0.06765,0.0,0.01758,0.0,0.0,0.0,0.02029,0.0,0.0,0.0,0.12707
2025-07-28 00:25:00,Uno K 1505,0.07035,0.0,0.00752,0.0,0.0,0.0,0.0,0.06759,0.0,0.01672,0.0,0.0,0.0,0.01952,0.0,0.0,0.0,0.11695
2025-07-28 00:30:00,Uno K 1505,0.07034,0.0,-7.000000000000001e-05,0.0,0.0,0.0,0.0,0.06753,0.0,0.01722,0.0,0.0,0.0,0.01992,0.0,0.0,0.0,0.09931
2025-07-28 00:35:00,Uno K 1505,0.0855,0.0,-1e-05,0.0,0.0,0.0,0.0,0.08208,0.0,0.01688,0.0,0.0,0.0,0.01968,0.0,0.0,0.0,0.09831999999999999
2025-07-28 00:40:00,Uno K 1505,0.07665999999999999,0.0,-1e-05,0.0,0.0,-1e-05,0.0,0.07352,0.0,0.01745,0.0,0.0,0.0,0.02028,0.0,0.0,0.0,0.09298999999999999
2025-07-28 00:45:00,Uno K 1505,0.07593000000000001,0.0,-7.000000000000001e-05,0.0,0.0,0.0,0.0,0.07311,0.0,0.01687,0.0,0.0,-1e-05,0.019510000000000003,0.0,0.0,0.0,0.09609000000000001
2025-07-28 00:50:00,Uno K 1505,0.07418999999999999,0.0,-1e-05,0.0,0.0,0.0,0.0,0.07131,0.0,0.01764,0.0,0.0,0.0,0.02036,0.0,0.0,0.0,0.09318000000000001
2025-07-28 00:55:00,Uno K 1505,0.07668000000000001,0.0,-2e-05,0.0,0.0,0.0,0.0,0.07368999999999999,0.0,0.01718,0.0,0.0,-1e-05,0.019760000000000003,0.0,0.0,0.0,0.11083
2025-07-28 01:00:00,Uno K 1505,0.08505,0.0,-7.000000000000001e-05,0.0,0.0,0.0,0.0,0.08189,0.0,0.01672,0.0,0.0,0.0,0.019489999999999997,0.0,0.0,0.0,0.11501
2025-07-28 01:05:00,Uno K 1505,0.08486,0.0,-8.999999999999999e-05,0.0,0.0,0.0,0.0,0.08156000000000001,0.0,0.017070000000000002,0.0,0.0,0.0,0.01979,0.0,0.0,0.0,0.10336
2025-07-28 01:10:00,Uno K 1505,0.08252,0.0,-5.9999999999999995e-05,0.0,0.0,0.0,0.0,0.07909999999999999,0.0,0.01717,0.0,0.0,0.0,0.01992,0.0,0.0,0.0,0.09642
2025-07-28 01:15:00,Uno K 1505,0.06306,0.0,-4e-05,0.0,0.0,0.0,0.0,0.060340000000000005,0.0,0.01721,0.0,0.0,0.0,0.020120000000000002,0.0,0.0,0.0,0.11243
2025-07-28 01:20:00,Uno K 1505,0.06649,0.0,-1e-05,0.0,0.0,0.0,0.0,0.06376,0.0,0.01713,0.0,0.0,-1e-05,0.01977,0.0,0.0,0.0,0.11735
2025-07-28 01:25:00,Uno K 1505,0.061189999999999994,0.0,-4e-05,0.0,0.0,0.0,0.0,0.05831,0.0,0.016739999999999998,0.0,0.0,-2e-05,0.0195,0.0,0.0,0.0,0.11599
2025-07-28 01:30:00,Uno K 1505,0.07881,0.0,-5e-05,0.0,0.0,0.0,0.0,0.07559,0.0,0.01752,0.0,0.0,-1e-05,0.02023,0.0,0.0,0.0,0.10398
2025-07-28 01:35:00,Uno K 1505,0.07667,0.0,-0.00015,0.0,0.0,-1e-05,0.0,0.07348,0.0,0.016730000000000002,0.0,0.0,0.0,0.01941,0.0,0.0,0.0,0.09887
2025-07-28 01:40:00,Uno K 1505,0.07937000000000001,0.0,-7.000000000000001e-05,0.0,0.0,0.0,0.0,0.07636,0.0,0.0178,0.0,0.0,-2e-05,0.020489999999999998,0.0,0.0,0.0,0.09695000000000001
2025-07-28 01:45:00,Uno K 1505,0.07759999999999999,0.0,-1e-05,0.0,0.0,0.0,0.0,0.07459,0.0,0.01778,0.0,0.0,-1e-05,0.0205,0.0,0.0,0.0,0.09536
2025-07-28 01:50:00,Uno K 1505,0.07948000000000001,0.0,-1e-05,0.0,0.0,0.0,0.0,0.07648,0.0,0.016800000000000002,0.0,0.0,-2e-05,0.01954,0.0,0.0,0.0,0.09359
2025-07-28 01:55:00,Uno K 1505,0.08041,0.0,-0.00015,0.0,0.0,0.0,0.0,0.07701999999999999,0.0,0.01692,0.0,0.0,0.0,0.01961,0.0,0.0,0.0,0.01446
2025-07-28 02:00:00,Uno K 1505,0.08117,0.0,-2e-05,0.0,0.0,0.0,0.0,0.07787999999999999,0.0,0.01706,0.0,0.0,-1e-05,0.01988,0.0,0.0,0.0,0.01443
2025-07-28 02:05:00,Uno K 1505,0.07665999999999999,0.0,-5e-05,0.0,0.0,0.0,0.0,0.07363,0.0,0.01768,0.0,0.0,0.0,0.02051,0.0,0.0,0.0,0.01456
2025-07-28 02:10:00,Uno K 1505,0.06236,0.0,-7.000000000000001e-05,0.0,0.0,-1e-05,0.0,0.059539999999999996,0.0,0.016739999999999998,0.0,0.0,-1e-05,0.01948,0.0,0.0,0.0,0.10895999999999999
2025-07-28 02:15:00,Uno K 1505,0.062130000000000005,0.0,-1e-05,0.0,0.0,0.0,0.0,0.05916,0.0,0.01687,0.0,0.0,-1e-05,0.01977,0.0,0.0,0.0,0.1123
2025-07-28 02:20:00,Uno K 1505,0.07435,0.0,-8e-05,0.0,0.0,0.0,0.0,0.07138,0.0,0.01702,0.0,0.0,-2e-05,0.01977,0.0,0.0,0.0,0.11443
2025-07-28 02:25:00,Uno K 1505,0.06945,0.0,-0.00019,0.0,0.0,0.0,0.0,0.06643,0.0,0.01701,0.0,0.0,-1e-05,0.019710000000000002,0.0,0.0,0.0,0.11514
2025-07-28 02:30:00,Uno K 1505,0.07518000000000001,0.0,-5e-05,0.0,0.0,0.0,0.0,0.07232999999999999,0.0,0.01688,0.0,0.0,0.0,0.019690000000000003,0.0,0.0,0.0,0.10351
2025-07-28 02:35:00,Uno K 1505,0.08188,0.0,-0.0002,0.0,0.0,0.0,0.0,0.07887999999999999,0.0,0.01728,0.0,0.0,-1e-05,0.02002,0.0,0.0,0.0,0.09872
2025-07-28 02:40:00,Uno K 1505,0.0877,0.0,-8e-05,0.0,0.0,0.0,0.0,0.08431999999999999,0.0,0.01745,0.0,0.0,0.0,0.02016,0.0,0.0,0.0,0.09751
2025-07-28 02:45:00,Uno K 1505,0.07681,0.0,-0.00014000000000000001,0.0,0.0,0.0,0.0,0.07395,0.0,0.01712,0.0,0.0,-2e-05,0.01995,0.0,0.0,0.0,0.09581
2025-07-28 02:50:00,Uno K 1505,0.08008,0.0,-0.00013000000000000002,0.0,0.0,0.0,0.0,0.07714,0.0,0.01712,0.0,0.0,-1e-05,0.019850000000000003,0.0,0.0,0.0,0.09506
2025-07-28 02:55:00,Uno K 1505,0.09704,0.0,-5.9999999999999995e-05,0.0,0.0,0.0,0.0,0.09359,0.0,0.01671,0.0,0.0,-1e-05,0.01957,0.0,0.0,0.0,0.01453
2025-07-28 03:00:00,Uno K 1505,0.09713,0.0,-0.00011,0.0,0.0,0.0,0.0,0.09384,0.0,0.01771,0.0,0.0,-1e-05,0.02045,0.0,0.0,0.0,0.01468
2025-07-28 03:05:00,Uno K 1505,0.09851,0.0,-0.00013000000000000002,0.0,0.0,-1e-05,0.0,0.09506,0.0,0.01681,0.0,0.0,-1e-05,0.01948,0.0,0.0,0.0,0.01468
2025-07-28 03:10:00,Uno K 1505,0.09412999999999999,0.0,-5e-05,0.0,0.0,0.0,0.0,0.09022,0.0,0.01684,0.0,0.0,-2e-05,0.019809999999999998,0.0,0.0,0.0,0.01517
2025-07-28 03:15:00,Uno K 1505,0.09434000000000001,0.0,-0.00017999999999999998,0.0,0.0,0.0,0.0,0.09059,0.0,0.0176,0.0,0.0,0.0,0.02044,0.0,0.0,0.0,0.10912999999999999
2025-07-28 03:20:00,Uno K 1505,0.10074,0.0,-4e-05,0.0,0.0,0.0,0.0,0.09781999999999999,0.0,0.0169,0.0,0.0,-1e-05,0.019629999999999998,0.0,0.0,0.0,0.11155
2025-07-28 03:25:00,Uno K 1505,0.07740000000000001,0.0,-0.0002,0.0,0.0,-1e-05,0.0,0.07467,0.0,0.01691,0.0,0.0,-1e-05,0.01959,0.0,0.0,0.0,0.11361
2025-07-28 03:30:00,Uno K 1505,0.0947,0.0,-4e-05,0.0,0.0,0.0,0.0,0.09118000000000001,0.0,0.0167,0.0,0.0,-1e-05,0.019280000000000002,0.0,0.0,0.0,0.10735
2025-07-28 03:35:00,Uno K 1505,0.094,0.0,-0.00016,0.0,0.0,0.0,0.0,0.09038,0.0,0.01663,0.0,0.0,0.0,0.019350000000000003,0.0,0.0,0.0,0.09805
2025-07-28 03:40:00,Uno K 1505,0.07542,0.0,-7.000000000000001e-05,0.0,0.0,0.0,0.0,0.07262,0.0,0.0183,0.0,0.0,-1e-05,0.0212,0.0,0.0,0.0,0.09706999999999999
2025-07-28 03:45:00,Uno K 1505,0.09787,0.0,-0.00019,0.0,0.0,-1e-05,0.0,0.09454000000000001,0.0,0.01751,0.0,0.0,0.0,0.02053,0.0,0.0,0.0,0.09595999999999999
2025-07-28 03:50:00,Uno K 1505,0.09609000000000001,0.0,-4e-05,0.0,0.0,0.0,0.0,0.09262999999999999,0.0,0.01712,0.0,0.0,0.0,0.019829999999999997,0.0,0.0,0.0,0.09576000000000001
2025-07-28 03:55:00,Uno K 1505,0.08276,0.0,-8.999999999999999e-05,0.0,0.0,0.0,0.0,0.07973000000000001,0.0,0.01694,0.0,0.0,-1e-05,0.019719999999999998,0.0,0.0,0.0,0.09348999999999999
2025-07-28 04:00:00,Uno K 1505,0.08543,0.0,-8.999999999999999e-05,0.0,0.0,0.0,0.0,0.08229,0.0,0.01715,0.0,0.0,-1e-05,0.02011,0.0,0.0,0.0,0.01458
2025-07-28 04:05:00,Uno K 1505,0.08762,0.0,-7.000000000000001e-05,0.0,0.0,0.0,0.0,0.08427,0.0,0.01702,0.0,0.0,0.0,0.019760000000000003,0.0,0.0,0.0,0.01464
2025-07-28 04:10:00,Uno K 1505,0.09386,0.0,-0.00011,0.0,0.0,0.0,0.0,0.09042,0.0,0.01753,0.0,0.0,-1e-05,0.02032,0.0,0.0,0.0,0.01821
2025-07-28 04:15:00,Uno K 1505,0.09353,0.0,-5.9999999999999995e-05,0.0,0.0,0.0,0.0,0.0901,0.0,0.01681,0.0,0.0,0.0,0.01952,0.0,0.0,0.0,0.12139
2025-07-28 04:20:00,Uno K 1505,0.08537,0.0,0.03334,0.0,0.0,0.0,0.0,0.08183,0.0,0.01711,0.0,0.0,0.0,0.01992,0.0,0.0,0.0,0.15937
2025-07-28 04:25:00,Uno K 1505,0.05337,0.0,0.03284,0.0,0.0,0.0,0.0,0.05052,0.0,0.01739,0.01074,0.0,0.0,0.03184,0.0,0.0,0.0,0.15612
2025-07-28 04:30:00,Uno K 1505,0.021,0.0,0.032659999999999995,0.0,0.0,0.0,0.0,0.0,0.0,0.0172,0.0,0.0,0.0,0.01991,0.0,0.01807,0.0,0.14508000000000001
2025-07-28 04:35:00,Uno K 1505,0.02101,0.0,0.03263,0.0,0.0,0.0,0.0,0.0,0.0,0.016649999999999998,0.0,0.0,-1e-05,0.019350000000000003,0.0,0.018,0.0,0.12994999999999998
2025-07-28 04:40:00,Uno K 1505,0.02085,0.0,0.032659999999999995,0.0,0.0,0.0,0.0,0.0,0.0,0.01753,0.0,1e-05,0.0,0.02047,0.0,0.01786,0.0,0.14664
2025-07-28 04:45:00,Uno K 1505,0.00259,0.0,0.05093,0.0,0.0,0.0,0.0,0.0,0.0,0.01735,0.0,0.0,-1e-05,0.0202,0.0,0.0,0.0,0.17034
2025-07-28 04:50:00,Uno K 1505,0.00252,0.01688,0.013789999999999998,0.0,0.0,0.0,0.0,0.0,0.0,0.02103,0.0,0.0,0.0,0.023829999999999997,0.0,0.0,0.0,0.15093
2025-07-28 04:55:00,Uno K 1505,0.00246,0.9641799999999999,0.01526,0.0,0.0,0.0,0.0,0.0,0.0,0.01667,0.0,0.0,-1e-05,0.01934,0.0,0.0,0.0,1.09828
2025-07-28 05:00:00,Uno K 1505,0.0024100000000000002,0.0497,0.01358,0.0,0.0,0.0,0.0,0.0,0.0,0.01756,0.0,0.0,-1e-05,0.02036,0.0,0.0,0.0,0.18191
2025-07-28 05:05:00,Uno K 1505,0.00246,0.01586,0.01609,0.0,0.0,0.0,0.0,0.0,0.0,0.01713,0.0,0.0,0.0,0.019760000000000003,0.0,0.0,0.0,0.13394
2025-07-28 05:10:00,Uno K 1505,0.0024,0.01579,0.01551,0.0,0.0,0.0,0.0,0.0,0.0,0.01738,0.0,0.0,-2e-05,0.02009,0.0,0.0,0.0,0.12776
2025-07-28 05:15:00,Uno K 1505,0.0024700000000000004,0.016079999999999997,0.01554,0.0,0.0,0.0,0.0,0.0,0.0,0.017079999999999998,0.0,0.0,-1e-05,0.01989,0.0,0.0,0.0,0.12619
2025-07-28 05:20:00,Uno K 1505,0.0024100000000000002,0.01607,0.013980000000000001,0.0,0.0,0.0,0.0,0.0,0.0,0.017079999999999998,0.0,0.0,-1e-05,0.019780000000000002,0.0,0.0,0.0,0.12273
2025-07-28 05:25:00,Uno K 1505,0.0024500000000000004,0.01611,0.013900000000000001,0.0,0.0,0.0,0.0,0.0,0.0,0.01706,0.0,0.0,0.0,0.01977,0.0,0.0,0.0,0.12099
2025-07-28 05:30:00,Uno K 1505,0.0024500000000000004,0.0162,0.01476,0.0,0.0,0.0,0.0,0.0,0.0,0.016579999999999998,0.0,0.0,-1e-05,0.01948,0.0,0.0,0.0,0.12127
2025-07-28 05:35:00,Uno K 1505,0.0024300000000000003,0.016059999999999998,0.01422,0.0,0.0,0.0,0.0,0.0,0.0,0.01734,0.0,0.0,0.0,0.020059999999999998,0.0,0.0,0.0,0.13816
2025-07-28 05:40:00,Uno K 1505,0.00249,0.01625,0.014320000000000001,0.0,0.0,0.0,0.0,0.0,0.0,0.017329999999999998,0.0,0.0,0.0,0.02011,0.0,0.0,0.0,0.14056
2025-07-28 05:45:00,Uno K 1505,0.00242,0.01635,0.01481,0.0,0.0,-1e-05,0.0,0.0,0.0,0.01653,0.0,0.0,0.0,0.019219999999999998,0.0,0.0,0.0,0.13998
2025-07-28 05:50:00,Uno K 1505,0.0024,0.016329999999999997,0.0149,0.0,0.0,0.0,0.0,0.0,0.0,0.01691,0.0,0.0,-1e-05,0.01959,0.0,0.0,0.0,0.12631
2025-07-28 05:55:00,Uno K 1505,0.0023799999999999997,0.022269999999999998,0.02766,0.0,0.0,0.0,0.0,0.0,0.0,0.0171,0.0,0.0,-1e-05,0.019739999999999997,0.0,0.0,0.0,0.14218
2025-07-28 06:00:00,Uno K 1505,0.0024700000000000004,0.02231,0.02809,0.0,0.0,0.0,0.0,0.0,0.0,0.01692,0.0,0.0,0.0,0.019579999999999997,0.0,0.0,0.0,0.13943
2025-07-28 06:05:00,Uno K 1505,0.0024100000000000002,0.02214,0.00782,0.0,0.0,0.0,0.0,0.0,0.0,0.01722,0.0,0.0,0.0,0.01992,0.0,0.0,0.0,0.11773
2025-07-28 06:10:00,Uno K 1505,0.00242,0.022350000000000002,-1e-05,0.0,0.0,0.0,0.0,0.0,0.0,0.016829999999999998,0.0,0.0,0.0,0.01948,0.0,0.0,0.0,0.11856
2025-07-28 06:15:00,Uno K 1505,0.08456999999999999,0.02182,-1e-05,0.0,0.0,0.0,0.0,0.062439999999999996,0.0,0.00637,0.0,0.0,0.0,0.008960000000000001,0.0,0.01877,0.0,0.0373
2025-07-28 06:20:00,Uno K 1505,0.07762000000000001,0.02231,-1e-05,0.0,0.0,0.0,0.0,0.05564,0.0,0.00608,0.0,0.0,0.0,0.00884,0.0,0.01871,0.0,0.13191999999999998
2025-07-28 06:25:00,Uno K 1505,0.08514000000000001,0.022359999999999998,-1e-05,0.0,0.0,0.0,0.0,0.06324,0.0,0.00641,0.0,0.0,0.0,0.009,0.0,0.01872,0.0,0.14825
2025-07-28 06:30:00,Uno K 1505,0.10141,0.02256,-1e-05,0.0,0.0,0.0,0.0,0.06121,0.0,0.00608,0.01095,0.0,0.0,0.02043,0.0,0.037219999999999996,0.0,0.15077000000000002
2025-07-28 06:35:00,Uno K 1505,0.10301,0.02246,-1e-05,0.0,0.0,0.0,0.0,0.06273,0.0,0.00624,0.01092,0.0,0.0,0.02063,0.0,0.03713,0.0,0.14312
2025-07-28 06:40:00,Uno K 1505,0.1029,0.01302,0.0129,0.0,0.0,0.0,0.0,0.062490000000000004,0.0,0.00604,0.01082,0.0,0.0,0.02036,0.0,0.03699,0.0,0.1492
2025-07-28 06:45:00,Uno K 1505,0.1027,0.0,0.01314,0.0,0.0,0.0,0.0,0.06266,3.14845,0.023239999999999997,0.01102,0.0,0.0,3.1745,0.0,0.03685,0.0,0.12397
2025-07-28 06:50:00,Uno K 1505,0.10133,0.0,0.01309,0.0,0.0,0.0,0.0,0.061189999999999994,3.1545900000000002,0.023100000000000002,0.01104,0.0,0.0,3.18062,0.0,0.03678,0.0,0.1147
2025-07-28 06:55:00,Uno K 1505,0.10136,0.0,0.01294,0.0,0.0,0.0,0.0,0.06155,0.0,0.022969999999999997,0.0,0.0,0.0,0.02566,0.0,0.03669,0.0,0.11281999999999999
2025-07-28 07:00:00,Uno K 1505,0.10166,0.0,0.01358,0.0,0.0,0.0,0.0,0.062049999999999994,0.0,0.03445,0.0,0.0,0.0,0.03721,0.0,0.03676,0.0,0.03188
2025-07-28 07:05:00,Uno K 1505,0.05597,0.0,0.049100000000000005,0.0,0.0,0.0,0.0,0.01609,0.0,0.03407,0.0,0.0,0.0,0.03668,0.0,0.03661,0.0,0.42757
2025-07-28 07:10:00,Uno K 1505,0.056600000000000004,0.0,-1e-05,0.0,0.0,0.0,0.0,0.01677,0.0,0.03423,0.0,0.0,0.0,0.03699,0.0,0.03663,0.0,0.37395
2025-07-28 07:15:00,Uno K 1505,0.04063,0.0,-1e-05,0.0,0.0,0.0,0.0,0.00058,0.0,0.03444,0.0,0.0,0.0,0.037079999999999995,0.0,0.036590000000000004,0.0,0.37577
2025-07-28 07:20:00,Uno K 1505,0.00373,0.0,0.030109999999999998,0.0,0.0,0.0,0.0,0.00053,0.0,0.03412,0.0,0.0,0.0,0.03676,0.0,0.0,0.0,0.03799
2025-07-28 07:25:00,Uno K 1505,0.00287,0.0,0.01202,0.0,0.0,0.0,0.0,5.9999999999999995e-05,0.0,0.00628,0.0,0.0,0.0,0.00902,0.0,0.0,0.0,0.01754
2025-07-28 07:30:00,Uno K 1505,0.00373,0.0,0.02112,0.0,0.0,0.0,0.0,0.00066,0.0,0.00635,0.0,0.0,0.0,0.0088,0.0,0.0,0.0,0.026920000000000003
2025-07-28 07:35:00,Uno K 1505,0.00369,0.0,0.02082,0.0,0.0,0.0,0.0,0.00063,0.0,0.00615,0.0,0.0,0.0,0.00886,0.0,0.0,0.0,0.02655
2025-07-28 07:40:00,Uno K 1505,0.0029300000000000003,0.0,0.0214,0.0,0.0,0.0,0.0,0.0,0.0,0.00666,0.0,0.0,0.0,0.00932,0.0,0.0,0.0,0.02687
2025-07-28 07:45:00,Uno K 1505,0.0028599999999999997,0.0,0.01478,0.0,0.0,0.0,0.0,7.000000000000001e-05,0.0,0.00638,0.0,0.0,0.0,0.00901,0.0,0.0,0.0,0.36135
2025-07-28 07:50:00,Uno K 1505,0.0029500000000000004,0.0,0.01303,0.0,0.0,0.0,0.0,0.0,0.0,0.0065,0.0,0.0,0.0,0.00923,0.0,0.0,0.0,0.14153
2025-07-28 07:55:00,Uno K 1505,0.0035299999999999997,0.0,0.0144,0.0,0.0,0.0,0.0,0.0,0.0,0.00643,0.0,0.0,0.0,0.009130000000000001,0.0,0.0,0.0,0.14362
2025-07-28 08:00:00,Uno K 1505,0.00296,0.0,0.01479,0.0,0.0,0.0,0.0,0.0,0.0,0.00647,0.0,0.0,0.0,0.009210000000000001,0.0,0.0,0.0,0.14293
2025-07-28 08:05:00,Uno K 1505,0.00346,0.0,0.01511,0.0,0.0,0.0,0.0,0.00046,0.0,0.00622,0.0,0.0,0.0,0.00878,0.0,0.0,0.0,0.14221999999999999
2025-07-28 08:10:00,Uno K 1505,0.00369,0.0,0.02172,0.0,0.0,0.0,0.0,0.00075,0.0,0.0061200000000000004,0.0,0.0,0.0,0.00875,0.0,0.0,0.0,0.148
2025-07-28 08:15:00,Uno K 1505,0.00362,0.0,0.037770000000000005,0.0,0.0,0.0,0.0,0.00067,0.0,0.00625,0.0,0.0,0.0,0.00898,0.0,0.0,0.0,0.16286
2025-07-28 08:20:00,Uno K 1505,0.0035,0.0,0.038189999999999995,0.0,0.0,0.0,0.0,0.00066,0.0,0.00645,0.0,0.0,0.0,0.0091,0.0,0.0,0.0,0.16302
2025-07-28 08:25:00,Uno K 1505,0.0035499999999999998,0.0,0.03875,0.0,0.0,0.0,0.0,0.00038,0.0,0.00666,0.0,0.0,0.0,0.00928,0.0,0.0,0.0,0.14633000000000002
2025-07-28 08:30:00,Uno K 1505,0.00316,0.0,0.03304,0.0,0.0,0.0,0.0,0.00020999999999999998,0.0,0.00635,0.0,0.0,0.0,0.00907,0.0,0.0,0.0,0.13785
2025-07-28 08:35:00,Uno K 1505,0.00359,0.0,0.03544,0.0,0.0,0.0,0.0,0.0005600000000000001,0.0,0.00609,0.0,0.0,0.0,0.00879,0.0,0.0,0.0,0.1372
2025-07-28 08:40:00,Uno K 1505,0.00357,0.0,0.033030000000000004,0.0,0.0,0.0,0.0,0.00073,0.0,0.00605,0.0,0.0,0.0,0.00876,0.0,0.0,0.0,0.13321
2025-07-28 08:45:00,Uno K 1505,0.0034,0.0,0.03336,0.0,0.0,0.0,0.0,0.00031,0.0,0.00737,0.0,0.0,-1e-05,0.0101,0.0,0.0,0.0,0.13243000000000002
2025-07-28 08:50:00,Uno K 1505,0.00347,0.0,0.02827,0.0,0.0,0.0,0.0,0.0005600000000000001,0.0,0.00608,0.0,0.0,-1e-05,0.00873,0.0,0.0,0.0,0.14093
2025-07-28 08:55:00,Uno K 1505,0.0030299999999999997,0.0,0.03324,0.0,0.0,0.0,0.0,0.0,0.0,0.00623,0.0,0.0,-1e-05,0.00894,0.0,0.0,0.0,0.14809
2025-07-28 09:00:00,Uno K 1505,0.00366,0.0,0.0332,0.0,0.0,0.0,0.0,0.00062,0.0,0.00615,0.0,0.0,0.0,0.00881,0.0,0.0,0.0,0.14866
2025-07-28 09:05:00,Uno K 1505,0.0028599999999999997,0.0,0.03739,0.0,0.0,0.0,0.0,0.0,0.0,0.006809999999999999,0.0,0.0,0.0,0.00959,0.0,0.0,0.0,0.14357
2025-07-28 09:10:00,Uno K 1505,0.0035499999999999998,0.0,0.03485,0.0,0.0,0.0,0.0,0.00075,0.0,0.00621,0.0,0.0,0.0,0.008919999999999999,0.0,0.0,0.0,0.13304
2025-07-28 09:15:00,Uno K 1505,0.003,0.0,0.03263,0.0,0.0,0.0,0.0,0.0,0.0,0.00698,0.0,0.0,0.0,0.00983,0.0,0.0,0.0,0.12791
2025-07-28 09:20:00,Uno K 1505,0.0036,0.0,0.027809999999999998,0.0,0.0,0.0,0.0,0.00067,0.0,0.00617,0.0,0.0,0.0,0.00885,0.0,0.0,0.0,0.12235
2025-07-28 09:25:00,Uno K 1505,0.00279,0.0,0.02493,0.0,0.0,0.0,0.0,0.0,0.0,0.00621,0.0,0.0,0.0,0.00876,0.0,0.0,0.0,0.1143
2025-07-28 09:30:00,Uno K 1505,0.00298,0.0,0.02513,0.0,0.0,0.0,0.0,0.0,0.0,0.0069299999999999995,0.0,0.0,0.0,0.009550000000000001,0.0,0.0,0.0,0.11846
2025-07-28 09:35:00,Uno K 1505,0.00361,0.0,0.02537,0.0,0.0,0.0,0.0,0.00067,0.0,0.01028,0.0,0.0,0.0,0.01285,0.0,0.0,0.0,0.13276
2025-07-28 09:40:00,Uno K 1505,0.0035499999999999998,0.0,0.023039999999999998,0.0,0.0,0.0,0.0,0.00068,0.0,0.00615,0.0,0.0,0.0,0.00891,0.0,0.0,0.0,0.13248
2025-07-28 09:45:00,Uno K 1505,0.00283,0.0,0.019739999999999997,0.0,0.0,0.0,0.0,0.0,0.0,0.00624,0.0,0.0,0.0,0.00882,0.0,0.0,0.0,0.12983
2025-07-28 09:50:00,Uno K 1505,0.00348,0.0,0.02536,0.0,0.0,0.0,0.0,0.00055,0.0,0.006860000000000001,0.0,0.0,0.0,0.009689999999999999,0.0,0.0,0.0,0.12362000000000001
2025-07-28 09:55:00,Uno K 1505,0.0029500000000000004,0.0,0.01675,0.0,0.0,0.0,0.0,2e-05,0.0,0.00639,0.0,0.0,0.0,0.00906,0.0,0.0,0.0,0.11006
2025-07-28 10:00:00,Uno K 1505,0.00366,0.0,0.01748,0.0,0.0,0.0,0.0,0.00078,0.0,0.00611,0.0,0.0,0.0,0.0088,0.0,0.0,0.0,0.10884999999999999
2025-07-28 10:05:00,Uno K 1505,0.00309,0.0,0.01659,0.0,0.0,0.0,0.0,0.0,0.0,0.00666,0.0,0.0,0.0,0.009269999999999999,0.0,0.0,0.0,0.10704000000000001
2025-07-28 10:10:00,Uno K 1505,0.00354,0.0,0.01636,0.0,0.0,0.0,0.0,0.00065,0.0,0.0061200000000000004,0.0,0.0,0.0,0.009720000000000001,0.0,0.0,0.0,0.10567
2025-07-28 10:15:00,Uno K 1505,0.0038599999999999997,0.0,0.01643,0.0,0.0,0.0,0.0,0.00087,0.0,0.00641,0.0,0.0,0.0,0.00903,0.0,0.0,0.0,0.10525
2025-07-28 10:20:00,Uno K 1505,0.00275,0.0,0.01636,0.0,0.0,0.0,0.0,0.0,0.0,0.00704,0.0,0.0,0.0,0.00977,0.0,0.0,0.0,0.02357
2025-07-28 10:25:00,Uno K 1505,0.00357,0.0,0.01727,0.0,0.0,0.0,0.0,0.00067,0.0,0.01084,0.0,0.0,0.0,0.013460000000000001,0.0,0.0,0.0,0.02447
2025-07-28 10:30:00,Uno K 1505,0.00282,0.0,0.01663,0.0,0.0,0.0,0.0,0.0,0.0,0.00628,0.0,0.0,0.0,0.00889,0.0,0.0,0.0,0.02375
2025-07-28 10:35:00,Uno K 1505,0.00373,0.0,0.01537,0.0,0.0,0.0,0.0,0.00075,0.0,0.00647,0.0,0.0,0.0,0.009130000000000001,0.0,0.0,0.0,0.07206
2025-07-28 10:40:00,Uno K 1505,0.0029,0.0,0.01593,0.0,0.0,0.0,0.0,8e-05,0.0,0.00725,0.0,0.0,0.0,0.00991,0.0,0.0,0.0,0.12087
2025-07-28 10:45:00,Uno K 1505,0.00365,0.0,0.016460000000000002,0.0,0.0,0.0,0.0,0.00069,0.0,0.0061600000000000005,0.0,0.0,0.0,0.008919999999999999,0.0,0.0,0.0,0.12473999999999999
2025-07-28 10:50:00,Uno K 1505,0.00366,0.0,0.014119999999999999,0.0,0.0,0.0,0.0,0.00068,0.0,0.00632,0.0,0.0,0.0,0.00891,0.0,0.0,0.0,0.12323999999999999
2025-07-28 10:55:00,Uno K 1505,0.00352,0.0,0.014410000000000001,0.0,0.0,0.0,0.0,0.00067,0.0,0.00618,0.0,0.0,0.0,0.00878,0.0,0.0,0.0,0.12415999999999999
2025-07-28 11:00:00,Uno K 1505,0.0035,0.0,0.01634,0.0,0.0,0.0,0.0,0.00068,0.0,0.00661,0.0,0.0,0.0,0.00919,0.0,0.0,0.0,0.11231000000000001
2025-07-28 11:05:00,Uno K 1505,0.00366,0.0,0.01559,0.0,0.0,0.0,0.0,0.00068,0.0,0.0063,0.0,0.0,0.0,0.00887,0.0,0.0,0.0,0.10704999999999999
2025-07-28 11:10:00,Uno K 1505,0.00359,0.0,0.01656,0.0,0.0,0.0,0.0,0.00068,0.0,0.00609,0.0,0.0,0.0,0.00872,0.0,0.0,0.0,0.10736
2025-07-28 11:15:00,Uno K 1505,0.00383,0.0,0.01923,0.0,0.0,0.0,0.0,0.00067,0.0,0.00615,0.0,0.0,0.0,0.00874,0.0,0.0,0.0,0.10779000000000001
2025-07-28 11:20:00,Uno K 1505,0.0039,0.0,0.01503,0.0,0.0,0.0,0.0,0.00067,0.0,0.0065899999999999995,0.0,0.0,0.0,0.009300000000000001,0.0,0.0,0.0,0.10376
2025-07-28 11:25:00,Uno K 1505,0.00347,0.0,0.016050000000000002,0.0,0.0,0.0,0.0,0.00069,0.0,0.0060999999999999995,0.0,0.0,0.0,0.00876,0.0,0.0,0.0,0.11172
2025-07-28 11:30:00,Uno K 1505,0.0033399999999999997,0.0,0.01504,0.0,0.0,0.0,0.0,0.00054,0.0,0.00634,0.0,0.0,0.0,0.00888,0.0,0.0,0.0,0.11762
2025-07-28 11:35:00,Uno K 1505,0.0038,0.0,0.01635,0.0,0.0,0.0,0.0,0.00069,0.0,0.00624,0.0,0.0,0.0,0.00906,0.0,0.0,0.0,0.12203
2025-07-28 11:40:00,Uno K 1505,0.00382,0.0,0.016730000000000002,0.0,0.0,0.0,0.0,0.0008100000000000001,0.0,0.00652,0.0,0.0,0.0,0.00939,0.0,0.0,0.0,0.12208
2025-07-28 11:45:00,Uno K 1505,0.0029,0.0,0.01719,0.0,0.0,0.0,0.0,0.0,0.0,0.0072699999999999996,0.0,0.0,0.0,0.00982,0.0,0.0,0.0,0.10895999999999999
2025-07-28 11:50:00,Uno K 1505,0.00361,0.0,0.01557,0.0,0.0,0.0,0.0,0.00068,0.0,0.0062699999999999995,0.0,0.0,0.0,0.00889,0.0,0.0,0.0,0.10495
2025-07-28 11:55:00,Uno K 1505,0.0035600000000000002,0.0,0.01534,0.0,0.0,0.0,0.0,0.00063,0.0,0.00622,0.0,0.0,0.0,0.00887,0.0,0.0,0.0,0.10366
2025-07-28 12:00:00,Uno K 1505,0.00302,0.0,0.01499,0.0,0.0,0.0,0.0,0.0,0.0,0.00621,0.0,0.0,0.0,0.00884,0.0,0.0,0.0,0.02229
2025-07-28 12:05:00,Uno K 1505,0.00362,0.0,0.016829999999999998,0.0,0.0,0.0,0.0,0.00068,0.0,0.00632,0.0,0.0,0.0,0.00907,0.0,0.0,0.0,0.02429
2025-07-28 12:10:00,Uno K 1505,0.00394,0.0,0.01453,0.0,0.0,0.0,0.0,0.00076,0.0,0.0067800000000000004,0.0,0.0,0.0,0.00949,0.0,0.0,0.0,0.02187
2025-07-28 12:15:00,Uno K 1505,0.00387,0.0,0.01572,0.0,0.0,0.0,0.0,0.00074,0.0,0.0062699999999999995,0.0,0.0,0.0,0.00895,0.0,0.0,0.0,0.023149999999999997
2025-07-28 12:20:00,Uno K 1505,0.00289,0.0,0.01755,0.0,0.0,0.0,0.0,0.0,0.0,0.00621,0.0,0.0,0.0,0.00891,0.0,0.0,0.0,0.11993000000000001
2025-07-28 12:25:00,Uno K 1505,0.00373,0.0,0.016079999999999997,0.0,0.0,0.0,0.0,0.00082,0.0,0.00623,0.0,0.0,0.0,0.00893,0.0,0.0,0.0,0.12193999999999999
2025-07-28 12:30:00,Uno K 1505,0.00392,0.0,0.01742,0.0,0.0,0.0,0.0,0.0007099999999999999,0.0,0.0062699999999999995,0.0,0.0,0.0,0.009089999999999999,0.0,0.0,0.0,0.12525
2025-07-28 12:35:00,Uno K 1505,0.00292,0.0,0.01703,0.0,0.0,0.0,0.0,0.0,0.0,0.00715,0.0,0.0,0.0,0.009949999999999999,0.0,0.0,0.0,0.12240000000000001
2025-07-28 12:40:00,Uno K 1505,0.00375,0.0,0.016739999999999998,0.0,0.0,0.0,0.0,0.00062,0.0,0.00622,0.0,0.0,0.0,0.00902,0.0,0.0,0.0,0.11020999999999999
2025-07-28 12:45:00,Uno K 1505,0.00326,0.0,0.01634,0.0,0.0,0.0,0.0,0.0,0.0,0.006809999999999999,0.0,0.0,0.0,0.00942,0.0,0.0,0.0,0.10675
2025-07-28 12:50:00,Uno K 1505,0.0029300000000000003,0.0,0.016739999999999998,0.0,0.0,0.0,0.0,0.0,0.0,0.0065,0.0,0.0,0.0,0.00907,0.0,0.0,0.0,0.10649
2025-07-28 12:55:00,Uno K 1505,0.0030299999999999997,0.0,0.01645,0.0,0.0,0.0,0.0,0.0,0.0,0.0069299999999999995,0.0,0.0,0.0,0.00962,0.0,0.0,0.0,0.10278
2025-07-28 13:00:00,Uno K 1505,0.00352,0.0,0.01679,0.0,0.0,0.0,0.0,0.0005200000000000001,0.0,0.006900000000000001,0.0,0.0,0.0,0.009630000000000001,0.0,0.0,0.0,0.10487
2025-07-28 13:05:00,Uno K 1505,0.00377,0.0,0.01663,0.0,0.0,0.0,0.0,0.00054,0.0,0.0062699999999999995,0.0,0.0,0.0,0.009130000000000001,0.0,0.0,0.0,0.02417
2025-07-28 13:10:00,Uno K 1505,0.00376,0.0,0.01757,0.0,0.0,0.0,0.0,0.00058,0.0,0.0067800000000000004,0.0,0.0,0.0,0.00954,0.0,0.0,0.0,0.02543
2025-07-28 13:15:00,Uno K 1505,0.0033900000000000002,0.0,0.01749,0.0,0.0,0.0,0.0,0.00051,0.0,0.00658,0.0,0.0,0.0,0.00936,0.0,0.0,0.0,0.02512
2025-07-28 13:20:00,Uno K 1505,0.00361,0.0,0.01574,0.0,0.0,0.0,0.0,0.0005899999999999999,0.0,0.006019999999999999,0.0,2e-05,0.0,0.00886,0.0,0.0,0.0,0.10772
2025-07-28 13:25:00,Uno K 1505,0.00396,0.0,0.01702,0.0,0.0,0.0,0.0,0.0008,0.0,0.00713,0.0,0.0,-4e-05,0.01002,0.0,0.0,0.0,0.1194
2025-07-28 13:30:00,Uno K 1505,0.00365,0.0,0.01675,0.0,0.0,0.0,0.0,0.00055,0.0,0.00634,0.0,0.0,-1e-05,0.009130000000000001,0.0,0.0,0.0,0.123
2025-07-28 13:35:00,Uno K 1505,0.00298,0.0,0.016190000000000003,0.0,0.0,-1e-05,0.0,0.0,0.0,0.00638,0.0,0.0,-2e-05,0.00906,0.0,0.0,0.0,0.12282
2025-07-28 13:40:00,Uno K 1505,0.00365,0.0,0.01601,0.0,0.0,0.0,0.0,0.00055,0.0,0.0061600000000000005,0.0,0.0,0.0,0.00884,0.0,0.0,0.0,0.11504
2025-07-28 13:45:00,Uno K 1505,0.00292,0.0,0.01647,0.0,0.0,0.0,0.0,0.0,0.0,0.00719,0.0,0.0,0.0,0.009869999999999999,0.0,0.0,0.0,0.10911
2025-07-28 13:50:00,Uno K 1505,0.00314,0.0,0.01641,0.0,0.0,0.0,0.0,0.0,0.0,0.0069500000000000004,0.0,0.0,-2e-05,0.00973,0.0,0.0,0.0,0.10676999999999999
2025-07-28 13:55:00,Uno K 1505,0.00361,0.0,0.016079999999999997,0.0,0.0,0.0,0.0,0.00062,0.0,0.00711,0.0,0.0,0.0,0.009789999999999998,0.0,0.0,0.0,0.10517
2025-07-28 14:00:00,Uno K 1505,0.00372,0.0,0.01713,0.0,0.0,0.0,0.0,0.00065,0.0,0.00625,0.0,0.0,0.0,0.00899,0.0,0.0,0.0,0.10344
2025-07-28 14:05:00,Uno K 1505,0.00379,0.0,0.01629,0.0,0.0,0.0,0.0,0.00076,0.0,0.00724,0.0,0.0,-1e-05,0.00991,0.0,0.0,0.0,0.10313
2025-07-28 14:10:00,Uno K 1505,0.00321,0.0,0.01721,0.0,0.0,0.0,0.0,0.00035999999999999997,0.0,0.0063,0.0,0.0,0.0,0.008960000000000001,0.0,0.0,0.0,0.024829999999999998
2025-07-28 14:15:00,Uno K 1505,0.0031,0.0,0.01716,0.0,0.0,0.0,0.0,0.0,0.0,0.0069500000000000004,0.0,0.0,0.0,0.009609999999999999,0.0,0.0,0.0,0.024640000000000002
2025-07-28 14:20:00,Uno K 1505,0.0032,0.0,0.01709,0.0,0.0,0.0,0.0,0.0,0.0,0.0060999999999999995,0.0,0.0,0.0,0.00895,0.0,0.0,0.0,0.02447
2025-07-28 14:25:00,Uno K 1505,0.00326,0.0,0.01643,0.0,0.0,0.0,0.0,8e-05,0.0,0.00614,0.0,0.0,0.0,0.00885,0.0,0.0,0.0,0.10671
2025-07-28 14:30:00,Uno K 1505,0.00302,0.0,0.0167,0.0,0.0,0.0,0.0,0.0,0.0,0.00661,0.0,0.0,0.0,0.00926,0.0,0.0,0.0,0.12043000000000001
2025-07-28 14:35:00,Uno K 1505,0.00354,0.0,0.01587,0.0,0.0,0.0,0.0,0.00062,0.0,0.0065,0.0,0.0,0.0,0.009179999999999999,0.0,0.0,0.0,0.12183
2025-07-28 14:40:00,Uno K 1505,0.00405,0.0,0.016390000000000002,0.0,0.0,0.0,0.0,0.00076,0.0,0.0061200000000000004,0.0,0.0,0.0,0.00879,0.0,0.0,0.0,0.12179000000000001
2025-07-28 14:45:00,Uno K 1505,0.00401,0.0,0.01748,0.0,0.0,0.0,0.0,0.00067,0.0,0.00617,0.0,0.0,0.0,0.008960000000000001,0.0,0.0,0.0,0.12045
2025-07-28 14:50:00,Uno K 1505,0.00363,0.0,0.01697,0.0,0.0,0.0,0.0,0.00069,0.0,0.00617,0.0,0.0,-1e-05,0.00884,0.0,0.0,0.0,0.10986
2025-07-28 14:55:00,Uno K 1505,0.00283,0.0,0.01697,0.0,0.0,0.0,0.0,0.0,0.0,0.00754,0.0,0.0,0.0,0.01044,0.0,0.0,0.0,0.10723999999999999
2025-07-28 15:00:00,Uno K 1505,0.00369,0.0,0.01804,0.0,0.0,0.0,0.0,0.00073,0.0,0.0062900000000000005,0.0,0.0,0.0,0.008919999999999999,0.0,0.0,0.0,0.10703
2025-07-28 15:05:00,Uno K 1505,0.00379,0.0,0.01667,0.0,0.0,0.0,0.0,0.0007199999999999999,0.0,0.00618,0.0,0.0,-1e-05,0.00903,0.0,0.0,0.0,0.10425
2025-07-28 15:10:00,Uno K 1505,0.004,0.0,0.01693,0.0,0.0,0.0,0.0,0.00066,0.0,0.00654,0.0,0.0,0.0,0.00912,0.0,0.0,0.0,0.1045
2025-07-28 15:15:00,Uno K 1505,0.00376,0.0,0.01599,0.0,0.0,0.0,0.0,0.00069,0.0,0.00636,0.0,0.0,0.0,0.00906,0.0,0.0,0.0,0.02345
2025-07-28 15:20:00,Uno K 1505,0.0034,0.0,0.01614,0.0,0.0,0.0,0.0,0.00032,0.0,0.00622,0.0,0.0,0.0,0.00884,0.0,0.0,0.0,0.023629999999999998
2025-07-28 15:25:00,Uno K 1505,0.0035499999999999998,0.0,0.01737,0.0,0.0,0.0,0.0,0.00062,0.0,0.00623,0.0,0.0,0.0,0.00895,0.0,0.0,0.0,0.02471
2025-07-28 15:30:00,Uno K 1505,0.00373,0.0,0.01684,0.0,0.0,0.0,0.0,0.00075,0.0,0.00744,0.0,1e-05,0.0,0.01008,0.0,0.0,0.0,0.08824
2025-07-28 15:35:00,Uno K 1505,0.0030600000000000002,0.0,0.01551,0.0,0.0,0.0,0.0,0.0,0.0,0.00764,0.0,0.0,0.0,0.01024,0.0,0.0,0.0,0.11829
2025-07-28 15:40:00,Uno K 1505,0.00369,0.0,0.01661,0.0,0.0,0.0,0.0,0.00062,0.0,0.0061600000000000005,0.0,0.0,0.0,0.00885,0.0,0.0,0.0,0.12173
2025-07-28 15:45:00,Uno K 1505,0.0037,0.0,0.01667,0.0,0.0,0.0,0.0,0.00068,0.0,0.00634,0.0,0.0,0.0,0.00905,0.0,0.0,0.0,0.12340999999999999
2025-07-28 15:50:00,Uno K 1505,0.0038799999999999998,0.0,0.01607,0.0,0.0,0.0,0.0,0.00067,0.0,0.0062699999999999995,0.0,0.0,-1e-05,0.00907,0.0,0.0,0.0,0.12
2025-07-28 15:55:00,Uno K 1505,0.00325,0.0,0.01616,0.0,0.0,0.0,0.0,0.0,0.0,0.007,0.0,0.0,-1e-05,0.00975,0.0,0.0,0.0,0.10857
2025-07-28 16:00:00,Uno K 1505,0.0035299999999999997,0.0,0.01677,0.0,0.0,0.0,0.0,0.00075,0.0,0.00614,0.0,0.0,0.0,0.00888,0.0,0.0,0.0,0.10701999999999999
2025-07-28 16:05:00,Uno K 1505,0.0038599999999999997,0.0,0.01775,0.0,0.0,0.0,0.0,0.0006,0.0,0.0062,0.0,0.0,0.0,0.00902,0.0,0.0,0.0,0.10623
2025-07-28 16:10:00,Uno K 1505,0.0036,0.0,0.015390000000000001,0.0,0.0,0.0,0.0,0.0005899999999999999,0.0,0.0067,0.0,0.0,0.0,0.00959,0.0,0.0,0.0,0.10399
2025-07-28 16:15:00,Uno K 1505,0.0038,0.0,0.01797,0.0,0.0,0.0,0.0,0.00085,0.0,0.00609,0.0,0.0,-1e-05,0.00887,0.0,0.0,0.0,0.10556
2025-07-28 16:20:00,Uno K 1505,0.00362,0.0,0.01528,0.0,0.0,0.0,0.0,0.0007099999999999999,0.0,0.00614,0.0,0.0,0.0,0.00886,0.0,0.0,0.0,0.022629999999999997
2025-07-28 16:25:00,Uno K 1505,0.00369,0.0,0.015529999999999999,0.0,0.0,0.0,0.0,0.00085,0.0,0.0061200000000000004,0.0,4e-05,0.0,0.00887,0.0,0.0,0.0,0.11373
2025-07-28 16:30:00,Uno K 1505,0.00333,0.0,0.01438,0.0,0.0,0.0,0.0,0.00033,0.0,0.00624,0.0,0.0,0.0,0.00886,0.0,0.0,0.0,0.11798
2025-07-28 16:35:00,Uno K 1505,0.0030099999999999997,0.0,0.01488,0.0,0.0,0.0,0.0,0.0,0.0,0.00615,0.0,0.0,0.0,0.00895,0.0,0.0,0.0,0.12024
2025-07-28 16:40:00,Uno K 1505,0.00714,0.0,0.03068,0.0,0.0,0.0,0.0,0.0014199999999999998,0.0,0.01253,0.0,0.0,0.0,0.0182,0.0,0.0,0.0,0.237
2025-07-28 16:45:00,Uno K 1505,0.01494,0.0,0.059120000000000006,0.0,0.0,0.0,0.0,0.0025399999999999997,0.0,0.02468,0.0,0.0,0.0,0.03572,0.0,0.0,0.0,0.42062
2025-07-28 16:50:00,Uno K 1505,0.003,0.0,0.01488,0.0,0.0,0.0,0.0,0.0,0.0,0.00631,0.0,0.0,0.0,0.00903,0.0,0.0,0.0,0.10404000000000001
2025-07-28 16:55:00,Uno K 1505,0.0037,0.0,0.0148,0.0,0.0,0.0,0.0,0.00066,0.0,0.006030000000000001,0.0,0.0,0.0,0.00884,0.0,0.0,0.0,0.10268000000000001
2025-07-28 17:00:00,Uno K 1505,0.00361,0.0,0.01497,0.0,0.0,0.0,0.0,0.00067,0.0,0.00625,0.0,0.0,-1e-05,0.00895,0.0,0.0,0.0,0.10013
2025-07-28 17:05:00,Uno K 1505,0.00294,0.0,0.014539999999999999,0.0,0.0,0.0,0.0,0.0,0.0,0.00621,0.0,0.0,0.0,0.009089999999999999,0.0,0.0,0.0,0.0229
2025-07-28 17:10:00,Uno K 1505,0.00302,0.0,0.014,0.0,0.0,0.0,0.0,0.00011999999999999999,0.0,0.00622,0.0,0.0,0.0,0.00905,0.0,0.0,0.0,0.40436
2025-07-28 17:15:00,Uno K 1505,0.0029300000000000003,0.0,0.02382,0.0,0.0,0.0,0.0,0.0,0.0,0.00622,0.0,0.0,0.0,0.00898,0.0,0.0,0.0,2.10692
2025-07-28 17:20:00,Uno K 1505,0.00369,0.0,0.0141,0.0,0.0,0.0,0.0,0.00068,0.0,0.0061600000000000005,0.0,0.0,0.0,0.00899,0.0,0.0,0.0,0.40161
2025-07-28 17:25:00,Uno K 1505,0.05067,0.0,0.01541,0.0,0.0,0.0,0.0,0.048,0.0,0.00632,0.0,0.0,0.0,0.00901,0.0,0.0,0.0,0.14057
2025-07-28 17:30:00,Uno K 1505,0.04992,0.0,0.01451,0.0,0.0,0.0,0.0,0.04718,0.0,0.0060999999999999995,0.0,1e-05,0.0,0.00881,0.0,0.0,0.0,0.15028
2025-07-28 17:35:00,Uno K 1505,0.056409999999999995,0.0,0.01447,0.0,0.0,0.0,0.0,0.05379,0.0,0.00618,0.0,0.0,0.0,0.00894,0.0,0.0,0.0,0.1461
2025-07-28 17:40:00,Uno K 1505,0.040920000000000005,0.0,0.01493,0.0,0.0,0.0,0.0,0.0381,0.0,0.007,0.0,0.0,0.0,0.00973,0.0,0.0,0.0,0.15172
2025-07-28 17:45:00,Uno K 1505,0.05241,0.0,0.01425,0.0,0.0,0.0,0.0,0.04972,0.0,0.0062699999999999995,0.0,0.0,-1e-05,0.00885,0.0,0.0,0.0,0.15028999999999998
2025-07-28 17:50:00,Uno K 1505,0.05665,0.0,0.01409,0.0,0.0,0.0,0.0,0.053869999999999994,0.0,0.0062900000000000005,0.0,0.0,0.0,0.009,0.0,0.0,0.0,0.14962
2025-07-28 17:55:00,Uno K 1505,0.062259999999999996,0.0,0.014199999999999999,0.0,0.0,0.0,0.0,0.059590000000000004,0.0,0.00615,0.0,0.0,-1e-05,0.00879,0.0,0.0,0.0,0.14866
2025-07-28 18:00:00,Uno K 1505,0.06513,0.0,0.01465,0.0,0.0,0.0,0.0,0.062299999999999994,0.0,0.0067,0.0,0.0,0.0,0.009349999999999999,0.0,0.0,0.0,0.12935
2025-07-28 18:05:00,Uno K 1505,0.06506999999999999,0.0,0.013890000000000001,0.0,0.0,0.0,0.0,0.062060000000000004,0.0,0.0062,0.0,0.0,-1e-05,0.00885,0.0,0.0,0.0,0.11621
2025-07-28 18:10:00,Uno K 1505,0.06649,0.0,0.01439,0.0,0.0,0.0,0.0,0.06349,0.0,0.00623,0.0,0.0,-1e-05,0.008960000000000001,0.0,0.0,0.0,0.11629
2025-07-28 18:15:00,Uno K 1505,0.06551,0.0,0.01492,0.0,0.0,0.0,0.0,0.0625,0.0,0.00622,0.0,0.0,0.0,0.00888,0.0,0.0,0.0,0.11336
2025-07-28 18:20:00,Uno K 1505,0.06627,0.0,0.01457,0.0,0.0,0.0,0.0,0.06336,0.0,0.0063,0.0,0.0,0.0,0.00895,0.0,0.0,0.0,0.11186
2025-07-28 18:25:00,Uno K 1505,0.05116,0.0,0.01376,0.0,0.0,0.0,0.0,0.04852,0.0,0.00614,0.0,0.0,0.0,0.00889,0.0,0.0,0.0,0.12432
2025-07-28 18:30:00,Uno K 1505,0.06576,0.0,0.013890000000000001,0.0,0.0,0.0,0.0,0.06293,0.0,0.00608,0.0,0.0,0.0,0.00884,0.0,0.0,0.0,0.12605
2025-07-28 18:35:00,Uno K 1505,0.08481,0.0,0.01393,0.0,0.0,0.0,0.0,0.06271,0.0,0.0062699999999999995,0.0,0.0,-1e-05,0.00891,0.0,0.01887,0.0,0.13996
2025-07-28 18:40:00,Uno K 1505,,0.0,0.014039999999999999,0.0,,0.0,,,0.0,0.00652,0.0,0.0,0.0,0.00922,0.0,,,0.14185
